date,hive_weight,hive_temperature,hive_humidity,ambient_temperature,ambient_humidity,ambient_luminosity,ambient_rain,wx_temp,wx_humidity,wx_wind,wx_gusts,wx_direction,wx_dewpoint,wx_pressure,wx_rain,battery
2013-08-18 0:00:00,251.113,72.1,,,,,64,,,,,,,,,
2013-08-19 0:00:00,251.342,72.1,,,,,64.8,,,,,,,,,
2013-08-20 0:00:00,250.088,72.1,,,,,67.2,,,,,,,,,
2013-08-21 0:00:00,249.517,72.1,,,,,67,,,,,,,,,
2013-08-22 0:00:00,248.979,72.1,,,,,62.5,,,,,,,,,
2013-08-23 0:00:00,247.494,72.1,,,,,69.7,,,,,,,,,
2013-08-24 0:00:00,243.06,72.1,,,,,67.1,,,,,,,,,
2013-08-25 0:00:00,166.573,72.1,,,,,65.5,,,,,,,,,
2013-08-26 0:00:00,85.754,72.1,,,,,66.2,,,,,,,,,
2013-08-27 0:00:00,82.392,72.1,,,,,67.7,,,,,,,,,
2013-08-28 0:00:00,81.724,72.1,,,,,71,,,,,,,,,
2013-08-29 0:00:00,81.459,72.1,,,,,74.6,,,,,,,,,
2013-08-30 0:00:00,81.356,72.1,,,,,72.1,,,,,,,,,
2013-08-31 0:00:00,81.922,72.1,,,,,70.3,,,,,,,,,
2013-09-01 0:00:00,81.969,72.1,,,,,71,,,,,,,,,
2013-09-02 0:00:00,83.395,72.1,,,,,70.2,,,,,,,,,
2013-09-03 0:00:00,81.258,72.1,,,,,66.9,,,,,,,,,
2013-09-04 0:00:00,80.013,72.1,,,,,67.1,,,,,,,,,
2013-09-05 0:00:00,80.546,72.1,,,,,68.4,,,,,,,,,
2013-09-06 0:00:00,80.775,72.1,,,,,63.6,,,,,,,,,
2013-09-07 0:00:00,81.044,72.1,,,,,64.8,,,,,,,,,
2013-09-08 0:00:00,81.291,72.1,,,,,65.5,,,,,,,,,
2013-09-09 0:00:00,83.444,72.1,,,,,67.8,,,,,,,,,
2013-09-10 0:00:00,83.058,72.1,,,,,67.2,,,,,,,,,
2013-09-11 0:00:00,83.488,72.1,,,,,66.3,,,,,,,,,
2013-09-12 0:00:00,84.863,72.1,,,,,65.8,,,,,,,,,
2013-09-13 0:00:00,84.76,72.1,,,,,66,,,,,,,,,
2013-09-14 0:00:00,83.915,72.1,,,,,60,,,,,,,,,
2013-09-15 0:00:00,84.523,72.1,,,,,63.9,,,,,,,,,
2013-09-16 0:00:00,87.398,72.1,,,,,64.7,,,,,,,,,
2013-09-17 0:00:00,85.652,72.1,,,,,63.2,,,,,,,,,
2013-09-18 0:00:00,84.519,72.1,,,,,61.1,,,,,,,,,
2013-09-19 0:00:00,85.338,72.1,,,,,64.7,,,,,,,,,
2013-09-20 0:00:00,86.514,72.1,,,,,62.5,,,,,,,,,
2013-09-21 0:00:00,88.075,72.1,,,,,62.7,,,,,,,,,
2013-09-22 0:00:00,88.037,72.1,,,,,61.3,,,,,,,,,
2013-09-23 0:00:00,89.273,72.1,,,,,61.2,,,,,,,,,
2013-09-24 0:00:00,86.728,72.1,,,,,59.9,,,,,,,,,
2013-09-25 0:00:00,87.178,72.1,,,,,58.5,,,,,,,,,
2013-09-26 0:00:00,86.584,72.1,,,,,61.8,,,,,,,,,
2013-09-27 0:00:00,86.216,72.1,,,,,61.2,,,,,,,,,
2013-09-28 0:00:00,86.134,72.1,,,,,59.8,,,,,,,,,
2013-09-29 0:00:00,86.193,72.1,,,,,57.8,,,,,,,,,
2013-09-30 0:00:00,88.62,72.1,0,32,0,,58.8,,,,,,,,,
2013-10-01 0:00:00,88.11,72.1,0,32,0,,60.3,,,,,,,,,
2013-10-02 0:00:00,87.761,72.1,0,32,0,,62.8,,,,,,,,,
2013-10-03 0:00:00,88.783,72.1,0,32,0,,64.3,,,,,,,,,
2013-10-04 0:00:00,89.454,72.1,0,32,0,,64.6,,,,,,,,,
2013-10-05 0:00:00,90.902,72.1,0,32,0,,65.5,,,,,,,,,
2013-10-06 0:00:00,92.112,72.1,0,32,0,,65.4,,,,,,,,,
2013-10-07 0:00:00,93.626,72.1,0,32,0,,61.7,,,,,,,,,
2013-10-08 0:00:00,92.79,72.1,0,32,0,,56.6,,,,,,,,,
2013-10-09 0:00:00,92.564,72.1,0,32,0,,57,,,,,,,,,
2013-10-10 0:00:00,94.259,72.1,0,32,0,,57.9,,,,,,,,,
2013-10-11 0:00:00,92.985,72.1,0,32,0,,59.1,,,,,,,,,
2013-10-12 0:00:00,91.63,72.1,0,32,0,,59.9,,,,,,,,,
2013-10-13 0:00:00,91.46,72.1,0,32,0,,61.2,,,,,,,,,
2013-10-14 0:00:00,91.368,72.1,0,32,0,,61.4,,,,,,,,,
2013-10-15 0:00:00,91.243,72.1,0,32,0,,58.5,,,,,,,,,
2013-10-16 0:00:00,91.897,72.1,0,32,0,,57.8,,,,,,,,,
2013-10-17 0:00:00,94.723,72.1,0,32,0,,59.3,,,,,,,,,
2013-10-18 0:00:00,94.827,72.1,0,32,0,,56.3,,,,,,,,,
2013-10-19 0:00:00,105.893,72.1,0,32,0,,53.5,,,,,,,,,
2013-10-20 0:00:00,115.8,72.1,0,32,0,,50.1,,,,,,,,,
2013-10-21 0:00:00,114.826,72.1,0,32,0,,50.8,,,,,,,,,
2013-10-22 0:00:00,114.339,72.1,0,32,0,,55.8,,,,,,,,,
2013-10-23 0:00:00,113.672,72.1,0,32,0,,47.5,,,,,,,,,
2013-10-24 0:00:00,114.593,72.1,0,32,0,,43.4,,,,,,,,,
2013-10-25 0:00:00,113.54,72.1,0,32,0,,39.4,,,,,,,,,
2013-10-26 0:00:00,110.909,72.1,0,32,0,,40.4,,,,,,,,,
2013-10-27 0:00:00,109.786,72.1,0,32,0,,52.9,,,,,,,,,
2013-10-28 0:00:00,109.358,72.1,0,32,0,,53.9,,,,,,,,,
2013-10-29 0:00:00,108.59,72.1,0,32,0,,53.8,,,,,,,,,
2013-10-30 0:00:00,106.979,72.1,0,32,0,,61.6,,,,,,,,,
2013-10-31 0:00:00,105.722,72.1,0,32,0,,59,,,,,,,,,
2013-11-01 0:00:00,105.675,72.1,0,32,0,,62.7,,,,,,,,,
2013-11-02 0:00:00,103.707,72.1,0,32,0,,51.8,,,,,,,,,
2013-11-03 0:00:00,101.826,72.1,0,32,0,,47.3,,,,,,,,,
2013-11-04 0:00:00,98.289,72.1,0,32,0,,46.3,,,,,,,,,
2013-11-05 0:00:00,96.858,72.1,0,32,0,,47.7,,,,,,,,,
2013-11-06 0:00:00,96.592,72.1,0,32,0,,54.9,,,,,,,,,
2013-11-07 0:00:00,96.491,72.1,0,32,0,,51.4,,,,,,,,,
2013-11-08 0:00:00,95.267,72.1,0,32,0,,43,,,,,,,,,
2013-11-09 0:00:00,95.456,72.1,0,32,0,,42.7,,,,,,,,,
2013-11-10 0:00:00,95.985,72.1,0,32,0,,51.6,,,,,,,,,
2013-11-11 0:00:00,97.602,72.1,0,32,0,,47.4,,,,,,,,,
2013-11-12 0:00:00,96.936,72.1,0,32,0,,41.1,,,,,,,,,
2013-11-13 0:00:00,95.305,72.1,0,32,0,,32,,,,,,,,,
2013-11-14 0:00:00,94.018,72.1,0,32,0,,38.8,,,,,,,,,
2013-11-15 0:00:00,93.929,72.1,0,32,0,,41.7,,,,,,,,,
2013-11-16 0:00:00,94.441,72.1,0,32,0,0,51.2,,,,,,,,,
2013-11-17 0:00:00,94.929,72.1,0,32,0,0,54.8,,,,,,,,,
2013-11-18 0:00:00,95.432,72.1,0,32,0,0,55.3,,,,,,,,,
2013-11-19 0:00:00,94.116,72.1,0,32,0,0,55.1,,,,,,,,,
2013-11-20 0:00:00,91.19,72.1,0,32,0,0,55.3,,,,,,,,,
2013-11-21 0:00:00,87.352,72.1,0,32,0,0,55.3,,,,,,,,,
2013-11-22 0:00:00,87.494,72.1,0,32,0,0,55.7,,,,,,,,,
2013-11-23 0:00:00,87.013,72.1,0,32,0,0,47.2,,,,,,,,,
2013-11-24 0:00:00,87.552,72.1,0,32,0,0,30.8,,,,,,,,,
2013-11-25 0:00:00,87.237,72.1,0,32,0,0,31.2,,,,,,,,,
2013-11-26 0:00:00,87.826,72.1,0,32,0,0,42.3,,,,,,,,,
2013-11-27 0:00:00,88.245,72.1,0,32,0,0,29.9,,,,,,,,,
2013-11-28 0:00:00,87.743,72.1,0,32,0,0,29.4,,,,,,,,,
2013-11-29 0:00:00,87.384,72.1,0,32,0,0,37.6,,,,,,,,,
2013-11-30 0:00:00,86.719,72.1,0,32,0,0,37.8,,,,,,,,,
2013-12-01 0:00:00,86.803,72.1,0,32,0,0,42.5,,,,,,,,,
2013-12-02 0:00:00,86.427,72.1,0,32,0,0,44,,,,,,,,,
2013-12-03 0:00:00,109.871,72.1,0,32,0,0,47.2,,,,,,,,,
2013-12-04 0:00:00,160.508,72.1,0,32,0,0,53.7,,,,,,,,,
2013-12-05 0:00:00,165.312,72.1,0,32,0,0,59.3,,,,,,,,,
2013-12-06 0:00:00,167.247,72.1,0,32,0,0,62.4,,,,,,,,,
2013-12-07 0:00:00,167.462,72.1,0,32,0,0,62.4,,,,,,,,,
2013-12-08 0:00:00,167.288,72.1,0,32,0,0,62.4,,,,,,,,,
2013-12-09 0:00:00,168.92,72.1,0,32,0,0,62.4,,,,,,,,,
2013-12-10 0:00:00,168.252,72.1,0,32,0,0,62.4,,,,,,,,,
2013-12-11 0:00:00,165.99,72.1,0,32,0,0,62.4,,,,,,,,,
2013-12-12 0:00:00,164.496,72.1,0,32,0,0,62.4,,,,,,,,,
2013-12-13 0:00:00,163.281,72.1,0,32,0,0,62.4,,,,,,,,,
2013-12-14 0:00:00,164.431,72.1,0,32,0,0,62.4,,,,,,,,,
2013-12-15 0:00:00,164.773,72.1,0,32,0,0,62.4,,,,,,,,,
2013-12-16 0:00:00,163.115,72.1,0,32,0,0,62.4,,,,,,,,,
2013-12-17 0:00:00,160.789,72.1,0,32,0,0,62.4,,,,,,,,,
2013-12-18 0:00:00,160.699,72.1,0,32,0,0,62.4,,,,,,,,,
2013-12-19 0:00:00,159.635,72.1,0,32,0,0,62.4,,,,,,,,,
2013-12-20 0:00:00,158.923,72.1,0,32,0,0,62.4,,,,,,,,,
2013-12-21 0:00:00,160.831,72.1,0,32,0,0,53.1,,,,,,,,,
2013-12-22 0:00:00,165.227,72.1,0,32,0,0,0,,,,,,,,,
2013-12-23 0:00:00,165.19,72.1,0,32,0,0,0,,,,,,,,,
2013-12-24 0:00:00,163.678,72.1,0,32,0,0,0,,,,,,,,,
2013-12-25 0:00:00,161.819,72.1,0,32,0,0,7.2,,,,,,,,,
2013-12-26 0:00:00,161.515,72.1,0,32,0,0,34.5,,,,,,,,,
2013-12-27 0:00:00,160.131,72.1,0,32,0,0,36.4,,,,,,,,,
2013-12-28 0:00:00,160.713,72.1,0,32,0,0,34.6,,,,,,,,,
2013-12-29 0:00:00,162.803,72.1,0,32,0,0,44.6,,,,,,,,,
2013-12-30 0:00:00,160.208,72.1,0,32,0,0,41.2,,,,,,,,,
2013-12-31 0:00:00,159.988,72.1,0,32,0,0,35.7,,,,,,,,,
2014-01-01 0:00:00,159.213,72.1,0,32,0,0,35,,,,,,,,,
2014-01-02 0:00:00,160.317,72.1,0,32,0,0,36.1,,,,,,,,,
2014-01-03 0:00:00,160.273,72.1,0,32,0,0,21.4,,,,,,,,,
2014-01-04 0:00:00,159.137,72.1,0,32,0,0,28.8,,,,,,,,,
2014-01-05 0:00:00,159.101,72.1,0,32,0,0,41.9,,,,,,,,,
2014-01-06 0:00:00,160.275,72.1,0,32,0,0,20.7,,,,,,,,,
2014-01-07 0:00:00,158.967,72.1,0,32,0,0,-0.2,,,,,,,,,
2014-01-08 0:00:00,158.236,72.1,0,32,0,0,-0.2,,,,,,,,,
2014-01-09 0:00:00,157.545,72.1,0,32,0,0,-0.2,,,,,,,,,
2014-01-10 0:00:00,159.563,72.1,0,32,0,0,30.3,,,,,,,,,
2014-01-11 0:00:00,160.783,72.1,0,32,0,0,49.9,,,,,,,,,
2014-01-12 0:00:00,159.249,72.1,0,32,0,0,50.5,,,,,,,,,
2014-01-13 0:00:00,158.194,72.1,0,32,0,0,50.3,,,,,,,,,
2014-01-14 0:00:00,159.525,72.1,0,32,0,0,50.5,,,,,,,,,
2014-01-15 0:00:00,158.738,72.1,0,32,0,0,50.5,,,,,,,,,
2014-01-16 0:00:00,158.578,72.1,0,32,0,0,50.5,,,,,,,,,
2014-01-17 0:00:00,157.689,72.1,0,32,0,0,50.5,,,,,,,,,
2014-01-18 0:00:00,156.84,72.1,0,32,0,0,50.3,,,,,,,,,
2014-01-19 0:00:00,156.157,72.1,0,32,0,0,50.5,,,,,,,,,
2014-01-20 0:00:00,155.431,72.1,0,32,0,0,50.5,,,,,,,,,
2014-01-21 0:00:00,154.198,72.1,0,32,0,0,50.5,,,,,,,,,
2014-01-22 0:00:00,154.502,72.1,0,32,0,0,48.7,,,,,,,,,
2014-01-23 0:00:00,154.038,72.1,0,32,0,0,47.1,,,,,,,,,
2014-01-24 0:00:00,153.698,72.1,0,32,0,0,39.7,,,,,,,,,
2014-01-25 0:00:00,152.853,72.1,0,32,0,0,47.9,,,,,,,,,
2014-01-26 0:00:00,153.247,72.1,0,32,0,0,45.8,,,,,,,,,
2014-01-27 0:00:00,151.075,72.1,0,32,0,0,48.7,,,,,,,,,
2014-01-28 0:00:00,153.768,72.1,0,32,0,0,40.1,,,,,,,,,
2014-01-29 0:00:00,155.052,72.1,0,32,0,0,41.5,,,,,,,,,
2014-01-30 0:00:00,152.847,72.1,0,32,0,0,36.3,,,,,,,,,
2014-01-31 0:00:00,152.033,72.1,0,32,0,0,38.9,,,,,,,,,
2014-02-01 0:00:00,151.485,72.1,0,32,0,0,39.3,,,,,,,,,
2014-02-02 0:00:00,151.245,72.1,0,32,0,0,42.1,,,,,,,,,
2014-02-03 0:00:00,154.886,72.1,0,32,0,0,33.4,,,,,,,,,
2014-02-04 0:00:00,153.564,72.1,0,32,0,0,48.4,,,,,,,,,
2014-02-05 0:00:00,153.926,72.1,0,32,0,0,39.3,,,,,,,,,
2014-02-06 0:00:00,152.31,72.1,0,32,0,0,47.7,,,,,,,,,
2014-02-07 0:00:00,152.775,72.1,0,32,0,0,34.6,,,,,,,,,
2014-02-08 0:00:00,152.031,72.1,0,32,0,0,39.2,,,,,,,,,
2014-02-09 0:00:00,151.7,72.1,0,32,0,0,39.6,,,,,,,,,
2014-02-10 0:00:00,151.49,72.1,0,32,0,0,38,,,,,,,,,
2014-02-11 0:00:00,152.908,72.1,0,32,0,0,31.7,,,,,,,,,
2014-02-12 0:00:00,157.325,72.1,0,32,0,0,42.8,,,,,,,,,
2014-02-13 0:00:00,160.72,72.1,0,32,0,0,44,,,,,,,,,
2014-02-14 0:00:00,154.372,72.1,0,32,0,0,42.2,,,,,,,,,
2014-02-15 0:00:00,153.025,72.1,0,32,0,0,39.6,,,,,,,,,
2014-02-16 0:00:00,151.189,72.1,0,32,0,0,29.3,,,,,,,,,
2014-02-17 0:00:00,150.252,72.1,0,32,0,0,20.6,,,,,,,,,
2014-02-18 0:00:00,150.648,72.1,0,32,0,0,30.7,,,,,,,,,
2014-02-19 0:00:00,150.719,72.1,0,32,0,0,28.8,,,,,,,,,
2014-02-20 0:00:00,149.989,72.1,0,32,0,0,36.3,,,,,,,,,
2014-02-21 0:00:00,151.106,72.1,0,32,0,0,40.6,,,,,,,,,
2014-02-22 0:00:00,148.528,72.1,0,32,0,0,31.7,,,,,,,,,
2014-02-23 0:00:00,147.901,72.1,0,32,0,0,33.6,,,,,,,,,
2014-02-24 0:00:00,147.143,72.1,0,32,0,0,37.7,,,,,,,,,
2014-02-25 0:00:00,146.476,72.1,0,32,0,0,29.8,,,,,,,,,
2014-02-26 0:00:00,145.367,72.1,0,32,0,0,28.6,,,,,,,,,
2014-02-27 0:00:00,145.631,72.1,0,32,0,0,29.7,,,,,,,,,
2014-02-28 0:00:00,154.336,72.1,0,32,0,0,29.3,,,,,,,,,
2014-03-01 0:00:00,171.737,72.1,0,32,0,0,29.7,,,,,,,,,
2014-03-02 0:00:00,170.645,72.1,0,32,0,0,29,,,,,,,,,
2014-03-03 0:00:00,171.106,72.1,0,32,0,0,29,,,,,,,,,
2014-03-04 0:00:00,169.862,72.1,0,32,0,0,29.7,,,,,,,,,
2014-03-05 0:00:00,168.343,72.1,0,32,0,0,30.5,,,,,,,,,
2014-03-06 0:00:00,167.108,72.1,0,32,0,0,30.9,,,,,,,,,
2014-03-07 0:00:00,168.153,72.1,0,32,0,0,28.6,,,,,,,,,
2014-03-08 0:00:00,166.679,72.1,0,32,0,0,42.2,,,,,,,,,
2014-03-09 0:00:00,165.389,72.1,0,32,0,0,42.4,,,,,,,,,
2014-03-10 0:00:00,165.187,72.1,0,32,0,0,45.3,,,,,,,,,
2014-03-11 0:00:00,165.654,72.1,0,32,0,0,47.4,,,,,,,,,
2014-03-12 0:00:00,168.183,72.1,0,32,0,0,40.2,,,,,,,,,
2014-03-13 0:00:00,166.918,72.1,0,32,0,0,27.6,,,,,,,,,
2014-03-14 0:00:00,165.817,72.1,0,32,0,0,34.2,,,,,,,,,
2014-03-15 0:00:00,165.563,72.1,0,32,0,0,42.6,,,,,,,,,
2014-03-16 0:00:00,169.138,72.1,0,32,0,0,44.2,,,,,,,,,
2014-03-17 0:00:00,171.823,72.1,0,32,0,0,38.4,,,,,,,,,
2014-03-18 0:00:00,171.338,72.1,0,32,0,0,38.2,,,,,,,,,
2014-03-19 0:00:00,169.892,72.1,0,32,0,0,44.6,,,,,,,,,
2014-03-20 0:00:00,167.476,72.1,0,32,0,0,50.3,,,,,,,,,
2014-03-21 0:00:00,165.423,72.1,0,32,0,0,48.2,,,,,,,,,
2014-03-22 0:00:00,149.154,72.1,0,32,0,0,57.7,,,,,,,,,
2014-03-23 0:00:00,116.295,72.1,0,32,0,0,47.4,,,,,,,,,
2014-03-24 0:00:00,114.801,72.1,0,32,0,0,40.3,,,,,,,,,
2014-03-25 0:00:00,113.67,72.1,0,32,0,0,34.9,,,,,,,,,
2014-03-26 0:00:00,112.733,72.1,0,32,0,0,32.6,,,,,,,,,
2014-03-27 0:00:00,111.391,72.1,0,32,0,0,42.6,,,,,,,,,
2014-03-28 0:00:00,111.476,72.1,0,32,0,0,49.2,,,,,,,,,
2014-03-29 0:00:00,111.874,72.1,0,32,0,0,51.4,,,,,,,,,
2014-03-30 0:00:00,109.704,72.1,0,32,0,0,44.6,,,,,,,,,
2014-03-31 0:00:00,89.685,72.1,0,32,0,0,54.9,,,,,,,,,
2014-04-01 0:00:00,57.158,72.1,0,32,0,0,63.4,,,,,,,,,
2014-04-02 0:00:00,60.647,72.1,0,32,0,0,64.4,,,,,,,,,
2014-04-03 0:00:00,55.608,72.1,0,32,0,0,67.8,,,,,,,,,
2014-04-04 0:00:00,56.393,72.1,0,32,0,0,60.6,,,,,,,,,
2014-04-05 0:00:00,56.362,72.1,0,32,0,0,55,,,,,,,,,
2014-04-06 0:00:00,56.496,72.1,0,32,0,0,50.6,,,,,,,,,
2014-04-07 0:00:00,59.206,72.1,0,32,0,0,47.5,,,,,,,,,
2014-04-08 0:00:00,58.727,72.1,0,32,0,0,48,,,,,,,,,
2014-04-09 0:00:00,57.474,72.1,0,32,0,0,50.2,,,,,,,,,
2014-04-10 0:00:00,57.115,72.1,0,32,0,0,54.5,,,,,,,,,
2014-04-11 0:00:00,56.862,72.1,0,32,0,0,60.3,,,,,,,,,
2014-04-12 0:00:00,57.025,72.1,0,32,0,0,63.4,,,,,,,,,
2014-04-13 0:00:00,57.285,72.1,0,32,0,0,64.3,,,,,,,,,
2014-04-14 0:00:00,58.139,72.1,0,32,0,0,57.9,,,,,,,,,
2014-04-15 0:00:00,59.629,72.1,0,32,0,0,45.9,,,,,,,,,
2014-04-16 0:00:00,58.799,72.1,0,32,0,0,29.1,,,,,,,,,
2014-04-17 0:00:00,75.543,72.1,0,32,0,0,47.5,,,,,,,,,
2014-04-18 0:00:00,75.715,72.1,0,32,0,0,48.3,,,,,,,,,
2014-04-19 0:00:00,77.755,72.1,0,32,0,0,48.6,,,,,,,,,
2014-04-20 0:00:00,76.575,72.1,0,32,0,0,56.9,,,,,,,,,
2014-04-21 0:00:00,75.418,72.1,0,32,0,0,60.1,,,,,,,,,
2014-04-22 0:00:00,76.245,72.1,0,32,0,0,59.5,,,,,,,,,
2014-04-23 0:00:00,76.323,72.1,0,32,0,0,60.7,,,,,,,,,
2014-04-24 0:00:00,76.384,72.1,0,32,0,0,58.8,,,,,,,,,
2014-04-25 0:00:00,77.598,72.1,0,32,0,0,63.3,,,,,,,,,
2014-04-26 0:00:00,78.62,72.1,0,32,0,0,62.5,,,,,,,,,
2014-04-27 0:00:00,80.418,72.1,0,32,0,0,65.4,,,,,,,,,
2014-04-28 0:00:00,82.507,72.1,0,32,0,0,65.9,,,,,,,,,
2014-04-29 0:00:00,84.269,72.1,0,32,0,0,64.6,,,,,,,,,
2014-04-30 0:00:00,84.817,72.1,0,32,0,0,60.4,,,,,,,,,
2014-05-01 0:00:00,83.711,72.1,0,32,0,0,58.6,,,,,,,,,
2014-05-02 0:00:00,82.665,72.1,0,32,0,0,55.8,,,,,,,,,
2014-05-03 0:00:00,83.617,72.1,0,32,0,0,59.4,,,,,,,,,
2014-05-04 0:00:00,89.566,72.1,0,32,0,0,68.5,,,,,,,,,
2014-05-05 0:00:00,104.843,72.1,0,32,0,0,73.6,,,,,,,,,
2014-05-06 0:00:00,109.608,72.1,0,32,0,0,72.9,,,,,,,,,
2014-05-07 0:00:00,114.532,72.1,0,32,0,0,68.7,,,,,,,,,
2014-05-08 0:00:00,120.191,72.1,0,32,0,0,69.1,,,,,,,,,
2014-05-09 0:00:00,125.817,72.1,0,32,0,0,63.9,,,,,,,,,
2014-05-10 0:00:00,128.384,72.1,0,32,0,0,61,,,,,,,,,
2014-05-11 0:00:00,131.655,72.1,0,32,0,0,64.8,,,,,,,,,
2014-05-12 0:00:00,140.24,72.1,0,32,0,0,69,,,,,,,,,
2014-05-13 0:00:00,147.238,72.1,0,32,0,0,70.2,,,,,,,,,
2014-05-14 0:00:00,160.373,72.1,0,32,0,0,66.5,,,,,,,,,
2014-05-15 0:00:00,171.69,72.1,0,32,0,0,58,,,,,,,,,
2014-05-16 0:00:00,168.93,72.1,0,32,0,0,49.4,,,,,,,,,
2014-05-17 0:00:00,167.949,72.1,0,32,0,0,48.6,,,,,,,,,
2014-05-18 0:00:00,168.145,72.1,0,32,0,0,49,,,,,,,,,
2014-05-19 0:00:00,169.85,72.1,0,32,0,0,47.4,,,,,,,,,
2014-05-20 0:00:00,177.635,72.1,0,32,0,0,45,,,,,,,,,
2014-05-21 0:00:00,187.493,72.1,0,32,0,0,45.5,,,,,,,,,
2014-05-22 0:00:00,196.281,72.1,0,32,0,0,47.3,,,,,,,,,
2014-05-23 0:00:00,209.566,72.1,0,32,0,0,50,,,,,,,,,
2014-05-24 0:00:00,223.619,72.1,0,32,0,0,67.8,,,,,,,,,
2014-05-25 0:00:00,227.641,72.1,0,32,0,0,63.5,,,,,,,,,
2014-05-26 0:00:00,229.011,72.1,0,32,0,0,65.9,,,,,,,,,
2014-05-27 0:00:00,231.032,72.1,0,32,0,0,67.2,,,,,,,,,
2014-05-28 0:00:00,232.226,72.1,0,32,0,0,67.5,,,,,,,,,
2014-05-29 0:00:00,234.831,72.1,0,32,0,0,65.7,,,,,,,,,
2014-05-30 0:00:00,236.671,72.1,0,32,0,0,65.5,,,,,,,,,
2014-05-31 0:00:00,236.718,72.1,0,32,0,0,66.5,,,,,,,,,
2014-06-01 0:00:00,237.882,72.1,0,32,0,0,65.3,,,,,,,,,
2014-06-02 0:00:00,238.811,72.1,0,32,0,0,63.5,,,,,,,,,
2014-06-03 0:00:00,241.924,72.1,0,32,0,0,66.8,,,,,,,,,
2014-06-04 0:00:00,247.243,72.1,0,32,0,0,69.4,,,,,,,,,
2014-06-05 0:00:00,251.083,72.1,0,32,0,0,70.6,,,,,,,,,
2014-06-06 0:00:00,251.644,72.1,0,32,0,0,70.3,,,,,,,,,
2014-06-07 0:00:00,252.717,72.1,0,32,0,0,70.1,,,,,,,,,
2014-06-08 0:00:00,253.303,72.1,0,32,0,0,70.2,,,,,,,,,
2014-06-09 0:00:00,253.185,72.1,0,32,0,0,68.6,,,,,,,,,
2014-06-10 0:00:00,254.239,72.1,0,32,0,0,68.8,,,,,,,,,
2014-06-11 0:00:00,255.97,72.1,0,32,0,0,64.9,,,,,,,,,
2014-06-12 0:00:00,255.334,72.1,0,32,0,0,65.6,,,,,,,,,
2014-06-13 0:00:00,254.854,72.1,0,32,0,0,64.3,,,,,,,,,
2014-06-14 0:00:00,253.724,72.1,0,32,0,0,67.9,,,,,,,,,
2014-06-15 0:00:00,252.851,72.1,0,32,0,0,70.8,,,,,,,,,
2014-06-16 0:00:00,253.215,72.1,0,32,0,0,70.1,,,,,,,,,
2014-06-17 0:00:00,252.646,72.1,0,32,0,0,72.9,,,,,,,,,
2014-06-18 0:00:00,252.639,72.1,0,32,0,0,71.8,,,,,,,,,
2014-06-19 0:00:00,253.889,72.1,0,32,0,0,67.5,,,,,,,,,
2014-06-20 0:00:00,254.658,72.1,0,32,0,0,70,,,,,,,,,
2014-06-21 0:00:00,254.805,72.1,0,32,0,0,71.8,,,,,,,,,
2014-06-22 0:00:00,260.898,72.1,0,32,0,0,72,,,,,,,,,
2014-06-23 0:00:00,266.987,72.1,0,32,0,0,71.8,,,,,,,,,
2014-06-24 0:00:00,268.888,72.1,0,32,0,0,68.5,,,,,,,,,
2014-06-25 0:00:00,268.788,72.1,0,32,0,0,70.2,,,,,,,,,
2014-06-26 0:00:00,268.497,72.1,0,32,0,0,71.3,,,,,,,,,
2014-06-27 0:00:00,271.161,72.1,0,32,0,0,69.7,,,,,,,,,
2014-06-28 0:00:00,273.811,72.1,0,32,0,0,68.3,,,,,,,,,
2014-06-29 0:00:00,275.261,72.1,0,32,0,0,68,,,,,,,,,
2014-06-30 0:00:00,276.103,72.1,0,32,0,0,67.5,,,,,,,,,
2014-07-01 0:00:00,278.22,72.1,0,32,0,0,73.8,,,,,,,,,
2014-07-02 0:00:00,283.598,72.1,0,32,0,0,76.2,,,,,,,,,
2014-07-03 0:00:00,290.932,72.1,0,32,0,0,73.4,,,,,,,,,
2014-07-04 0:00:00,303.095,72.1,0,32,0,0,69.6,,,,,,,,,
2014-07-05 0:00:00,306.15,72.1,0,32,0,0,67.4,,,,,,,,,
2014-07-06 0:00:00,312.599,72.1,0,32,0,0,68.6,,,,,,,,,
2014-07-07 0:00:00,321.155,72.1,0,32,0,0,71.5,,,,,,,,,
2014-07-08 0:00:00,329.072,72.1,0,32,0,0,70.6,,,,,,,,,
2014-07-09 0:00:00,337.317,72.1,0,32,0,0,70.5,,,,,,,,,
2014-07-10 0:00:00,345.756,72.1,0,32,0,0,69.7,,,,,,,,,
2014-07-11 0:00:00,354.478,72.1,0,32,0,0,70.7,,,,,,,,,
2014-07-12 0:00:00,361.844,72.1,0,32,0,0,71.2,,,,,,,,,
2014-07-13 0:00:00,367.741,72.1,0,32,0,0,73.6,,,,,,,,,
2014-07-14 0:00:00,374.392,72.1,0,32,0,0,73,,,,,,,,,
2014-07-15 0:00:00,383.398,72.1,0,32,0,0,71.6,,,,,,,,,
2014-07-16 0:00:00,394.26,72.1,0,32,0,0,67,,,,,,,,,
2014-07-17 0:00:00,396.586,72.1,0,32,0,0,66.2,,,,,,,,,
2014-07-18 0:00:00,401.403,72.1,0,32,0,0,64.6,,,,,,,,,
2014-07-19 0:00:00,404.974,72.1,0,32,0,0,62,,,,,,,,,
2014-07-20 0:00:00,404.195,72.1,0,32,0,0,67.2,,,,,,,,,
2014-07-21 0:00:00,404.369,72.1,0,32,0,0,69.9,,,,,,,,,
2014-07-22 0:00:00,402.621,72.1,0,32,0,0,70.9,,,,,,,,,
2014-07-23 0:00:00,401.671,72.1,0,32,0,0,69.8,,,,,,,,,
2014-07-24 0:00:00,399.886,72.1,0,32,0,0,72.4,,,,,,,,,
2014-07-25 0:00:00,396.957,72.1,0,32,0,0,70.3,,,,,,,,,
2014-07-26 0:00:00,395.177,72.1,0,32,0,0,70.9,,,,,,,,,
2014-07-27 0:00:00,393.373,72.1,0,32,0,0,75.5,,,,,,,,,
2014-07-28 0:00:00,392.311,72.1,0,32,0,0,72,,,,,,,,,
2014-07-29 0:00:00,390.26,72.1,0,32,0,0,65.5,,,,,,,,,
2014-07-30 0:00:00,388.176,72.1,0,32,0,0,63.5,,,,,,,,,
2014-07-31 0:00:00,387.643,72.1,0,32,0,0,63.5,,,,,,,,,
2014-08-01 0:00:00,387.143,72.1,0,32,0,0,65.8,,,,,,,,,
2014-08-02 0:00:00,386.081,72.1,0,32,0,0,65,,,,,,,,,
2014-08-03 0:00:00,385.053,72.1,0,32,0,0,68.9,,,,,,,,,
2014-08-04 0:00:00,383.184,72.1,0,32,0,0,69.9,,,,,,,,,
2014-08-05 0:00:00,380.777,72.1,0,32,0,0,69.8,,,,,,,,,
2014-08-06 0:00:00,378.924,72.1,0,32,0,0,68.7,,,,,,,,,
2014-08-07 0:00:00,377.327,72.1,0,32,0,0,72,,,,,,,,,
2014-08-08 0:00:00,376.928,72.1,0,32,0,0,68.5,,,,,,,,,
2014-08-09 0:00:00,376.515,72.1,0,32,0,0,70.9,,,,,,,,,
2014-08-10 0:00:00,375.77,72.1,0,32,0,0,67.9,,,,,,,,,
2014-08-11 0:00:00,374.632,72.1,0,32,0,0,69.5,,,,,,,,,
2014-08-12 0:00:00,372.229,72.1,0,32,0,0,72.6,,,,,,,,,
2014-08-13 0:00:00,370.049,72.1,0,32,0,0,67.7,,,,,,,,,
2014-08-14 0:00:00,368.009,72.1,0,32,0,0,66.4,,,,,,,,,
2014-08-15 0:00:00,366.179,72.1,0,32,0,0,67.7,,,,,,,,,
2014-08-16 0:00:00,364.64,72.1,0,32,0,0,68.2,,,,,,,,,
2014-08-17 0:00:00,363.267,72.1,0,32,0,0,71.3,,,,,,,,,
2014-08-18 0:00:00,363.378,72.1,0,32,0,0,69.7,,,,,,,,,
2014-08-19 0:00:00,361.995,72.1,0,32,0,0,70,,,,,,,,,
2014-08-20 0:00:00,360.587,72.1,0,32,0,0,70.8,,,,,,,,,
2014-08-21 0:00:00,360.203,72.1,0,32,0,0,66.4,,,,,,,,,
2014-08-22 0:00:00,237.594,72.1,0,32,0,0,67,,,,,,,,,
2014-08-23 0:00:00,98.862,72.1,0,32,0,0,75.8,,,,,,,,,
2014-08-24 0:00:00,96.719,72.1,0,32,0,0,70.6,,,,,,,,,
2014-08-25 0:00:00,95.462,72.1,0,32,0,0,67.3,,,,,,,,,
2014-08-26 0:00:00,93.681,72.1,0,32,0,0,68.7,,,,,,,,,
2014-08-27 0:00:00,92.151,72.1,0,32,0,0,69.4,,,,,,,,,
2014-08-28 0:00:00,90.81,72.1,0,32,0,0,71.2,,,,,,,,,
2014-08-29 0:00:00,89.391,72.1,0,32,0,0,73.4,,,,,,,,,
2014-08-30 0:00:00,88.795,72.1,0,32,0,0,71.4,,,,,,,,,
2014-08-31 0:00:00,90.965,72.1,0,32,0,0,67.9,,,,,,,,,
2014-09-06 0:00:00,82.359,72.1,0,32,0,0,72.2,,,,,,,,,
2014-09-07 0:00:00,82.694,72.1,0,32,0,0,70.4,,,,,,,,,
2014-09-08 0:00:00,83.678,72.1,0,32,0,0,68.6,,,,,,,,,
2014-09-09 0:00:00,81.91,72.1,0,32,0,0,67.1,,,,,,,,,
2014-09-10 0:00:00,80.545,72.1,0,32,0,0,67.4,,,,,,,,,
2014-09-11 0:00:00,80.011,72.1,0,32,0,0,70.2,,,,,,,,,
2014-09-12 0:00:00,80.425,72.1,0,32,0,0,70,,,,,,,,,
2014-09-13 0:00:00,78.617,72.1,0,32,0,0,70.4,,,,,,,,,
2014-09-14 0:00:00,77.304,72.1,0,32,0,0,64.3,,,,,,,,,
2014-09-15 0:00:00,76.621,72.1,0,32,0,0,65.1,,,,,,,,,
2014-09-16 0:00:00,76.796,72.1,0,32,0,0,65.9,,,,,,,,,
2014-09-17 0:00:00,75.197,72.1,0,32,0,0,66.9,,,,,,,,,
2014-09-18 0:00:00,74.066,72.1,0,32,0,0,66.9,,,,,,,,,
2014-09-19 0:00:00,73.056,72.1,0,32,0,0,66.9,,,,,,,,,
2014-09-20 0:00:00,71.915,72.1,0,32,0,0,67.1,,,,,,,,,
2014-09-21 0:00:00,71.03,72.1,0,32,0,0,65.6,,,,,,,,,
2014-09-22 0:00:00,71.112,72.1,0,32,0,0,62.9,,,,,,,,,
2014-09-23 0:00:00,70.007,72.1,0,32,0,0,56.6,,,,,,,,,
2014-09-24 0:00:00,69.223,72.1,0,32,0,0,59.2,,,,,,,,,
2014-09-25 0:00:00,68.623,72.1,0,32,0,0,63.9,,,,,,,,,
2014-09-26 0:00:00,68.182,72.1,0,32,0,0,64,,,,,,,,,
2014-09-27 0:00:00,67.688,72.1,0,32,0,0,64.8,,,,,,,,,
2014-09-28 0:00:00,67.251,72.1,0,32,0,0,63.8,,,,,,,,,
2014-09-29 0:00:00,68.438,72.1,0,32,0,0,62,,,,,,,,,
2014-09-30 0:00:00,68.453,72.1,0,32,0,0,64,,,,,,,,,
2014-10-01 0:00:00,67.027,72.1,0,32,0,0,62.9,,,,,,,,,
2014-10-02 0:00:00,66.167,72.1,0,32,0,0,63.7,,,,,,,,,
2014-10-03 0:00:00,67.886,72.1,0,32,0,0,64.1,,,,,,,,,
2014-10-04 0:00:00,67.44,72.1,0,32,0,0,50.5,,,,,,,,,
2014-10-05 0:00:00,32.607,72.1,0,32,0,0,47.8,,,,,,,,,
2014-10-06 0:00:00,20.373,72.1,0,32,0,0,53.3,,,,,,,,,
2014-10-07 0:00:00,67.151,72.1,0,32,0,0,58.4,,,,,,,,,
2014-10-08 0:00:00,66.994,72.1,0,32,0,0,66.2,,,,,,,,,
2014-10-09 0:00:00,65.601,72.1,0,32,0,0,62,,,,,,,,,
2014-10-10 0:00:00,65.695,72.1,0,32,0,0,65.8,,,,,,,,,
2014-10-11 0:00:00,64.797,72.1,0,32,0,0,67,,,,,,,,,
2014-10-12 0:00:00,65.731,72.1,0,32,0,0,60.7,,,,,,,,,
2014-10-13 0:00:00,66.47,72.1,0,32,0,0,60.3,,,,,,,,,
2014-10-14 0:00:00,69.402,72.1,0,32,0,0,61.4,,,,,,,,,
2014-10-15 0:00:00,70.317,72.1,0,32,0,0,50.4,,,,,,,,,
2014-10-16 0:00:00,69.455,72.1,0,32,0,0,50.8,,,,,,,,,
2014-10-17 0:00:00,68.014,72.1,0,32,0,0,54.4,,,,,,,,,
2014-10-18 0:00:00,66.4,72.1,0,32,0,0,59.1,,,,,,,,,
2014-10-19 0:00:00,65.032,72.1,0,32,0,0,52.5,,,,,,,,,
2014-10-20 0:00:00,64.117,72.1,0,32,0,0,53.9,,,,,,,,,
2014-10-21 0:00:00,61.39,72.1,0,32,0,0,53.1,,,,,,,,,
2014-10-22 0:00:00,56.401,72.1,0,32,0,0,49.3,,,,,,,,,
2014-10-23 0:00:00,65.858,72.1,0,32,0,0,49.8,,,,,,,,,
2014-10-24 0:00:00,85.364,72.1,0,32,0,0,52,,,,,,,,,
2014-10-25 0:00:00,84.56,72.1,0,32,0,0,54.6,,,,,,,,,
2014-10-26 0:00:00,83.554,72.1,0,32,0,0,62.2,,,,,,,,,
2014-10-27 0:00:00,82.444,72.1,0,32,0,0,61,,,,,,,,,
2014-10-28 0:00:00,81.384,72.1,0,32,0,0,63.2,,,,,,,,,
2014-10-29 0:00:00,80.465,72.1,0,32,0,0,57.5,,,,,,,,,
2014-10-30 0:00:00,79.537,72.1,0,32,0,0,50.3,,,,,,,,,
2014-10-31 0:00:00,78.434,72.1,0,32,0,0,44.3,,,,,,,,,
2014-11-01 0:00:00,77.362,72.1,0,32,0,0,35.2,,,,,,,,,
2014-11-02 0:00:00,76.996,72.1,0,32,0,0,38.6,,,,,,,,,
2014-11-03 0:00:00,75.027,72.1,0,32,0,0,44.6,,,,,,,,,
2014-11-04 0:00:00,72.003,72.1,0,32,0,0,52.9,,,,,,,,,
2014-11-05 0:00:00,52.919,72.1,0,32,0,0,53.4,,,,,,,,,
2014-11-06 0:00:00,72.386,72.1,0,32,0,0,54.6,,,,,,,,,
2014-11-07 0:00:00,71.524,72.1,0,32,0,0,45,,,,,,,,,
2014-11-08 0:00:00,70.885,72.1,0,32,0,0,44.4,,,,,,,,,
2014-11-09 0:00:00,70.419,72.1,0,32,0,0,49.7,,,,,,,,,
2014-11-10 0:00:00,69.952,72.1,0,32,0,0,50.5,,,,,,,,,
2014-11-11 0:00:00,69.566,72.1,0,32,0,0,52.3,,,,,,,,,
2014-11-12 0:00:00,69.187,72.1,0,32,0,0,56.9,,,,,,,,,
2014-11-13 0:00:00,68.961,72.1,0,32,0,0,38.1,,,,,,,,,
2014-11-14 0:00:00,69.009,72.1,0,32,0,0,29.9,,,,,,,,,
2014-11-15 0:00:00,68.699,72.1,0,32,0,0,29.9,,,,,,,,,
2014-11-16 0:00:00,68.94,72.1,0,32,0,0,40.3,,,,,,,,,
2014-11-17 0:00:00,73.441,72.1,0,32,0,0,39.8,,,,,,,,,
2014-11-18 0:00:00,72.452,72.1,0,32,0,0,21,,,,,,,,,
2014-11-19 0:00:00,71.748,72.1,0,32,0,0,28.2,,,,,,,,,
2014-11-20 0:00:00,71.082,72.1,0,32,0,0,42.7,,,,,,,,,
2014-11-21 0:00:00,70.354,72.1,0,32,0,0,44.3,,,,,,,,,
2014-11-22 0:00:00,69.754,72.1,0,32,0,0,43.9,,,,,,,,,
2014-11-23 0:00:00,72.277,72.1,0,32,0,0,49,,,,,,,,,
2014-11-24 0:00:00,73.26,72.1,0,32,0,0,57.8,,,,,,,,,
2014-11-25 0:00:00,71.642,72.1,0,32,0,0,47.4,,,,,,,,,
2014-11-26 0:00:00,71.556,72.1,0,32,0,0,42.6,,,,,,,,,
2014-11-27 0:00:00,71.15,72.1,0,32,0,0,33.4,,,,,,,,,
2014-11-28 0:00:00,70.672,72.1,0,32,0,0,31.9,,,,,,,,,
2014-11-29 0:00:00,70.081,72.1,0,32,0,0,40.2,,,,,,,,,
2014-11-30 0:00:00,69.359,72.1,0,32,0,0,53.1,,,,,,,,,
2014-12-01 0:00:00,69.097,72.1,0,32,0,0,54.9,,,,,,,,,
2014-12-02 0:00:00,68.746,72.1,0,32,0,0,55.9,,,,,,,,,
2014-12-03 0:00:00,68.507,72.1,0,32,0,0,54.3,,,,,,,,,
2014-12-04 0:00:00,68.254,72.1,0,32,0,0,52.5,,,,,,,,,
2014-12-05 0:00:00,68.609,72.1,,,,,48.1,,,,,,,,,
2014-12-06 0:00:00,71.799,72.1,,,,,47.7,,,,,,,,,
2014-12-07 0:00:00,71.48,72.1,,,,,44.7,,,,,,,,,
2014-12-08 0:00:00,70.414,72.1,,,,,36.9,,,,,,,,,
2014-12-09 0:00:00,70.17,72.1,,,,,36.5,,,,,,,,,
2014-12-10 0:00:00,69.691,72.1,,,,,34.6,,,,,,,,,
2014-12-11 0:00:00,69.129,72.1,,,,,33.7,,,,,,,,,
2014-12-12 0:00:00,68.636,72.1,,,,,38.8,,,,,,,,,
2014-12-13 0:00:00,68.145,72.1,,,,,43,,,,,,,,,
2014-12-14 0:00:00,67.643,72.1,,,,,43.3,,,,,,,,,
2014-12-15 0:00:00,67.271,72.1,,,,,44.5,,,,,,,,,
2014-12-16 0:00:00,68.272,72.1,,,,,47,,,,,,,,,
2014-12-17 0:00:00,67.91,72.1,,,,,43,,,,,,,,,
2014-12-18 0:00:00,67.542,72.1,,,,,41.8,,,,,,,,,
2014-12-19 0:00:00,67.332,72.1,,,,,42.7,,,,,,,,,
2014-12-20 0:00:00,67.518,72.1,,,,,40.5,,,,,,,,,
2014-12-21 0:00:00,67.65,72.1,,,,,40.4,,,,,,,,,
2014-12-22 0:00:00,67.768,72.1,,,,,41.3,,,,,,,,,
2014-12-23 0:00:00,70.481,72.1,,,,,45.9,,,,,,,,,
2014-12-24 0:00:00,72.872,72.1,,,,,49.4,,,,,,,,,
2014-12-25 0:00:00,71.986,72.1,,,,,39.8,,,,,,,,,
2014-12-26 0:00:00,70.671,72.1,,,,,41.4,,,,,,,,,
2014-12-27 0:00:00,69.792,72.1,,,,,47.4,,,,,,,,,
2014-12-28 0:00:00,71.039,72.1,,,,,52,,,,,,,,,
2014-12-29 0:00:00,72.273,72.1,,,,,50.8,,,,,,,,,
2014-12-30 0:00:00,71.53,72.1,,,,,43.3,,,,,,,,,
2014-12-31 0:00:00,70.775,72.1,,,,,35.7,,,,,,,,,
2015-01-01 0:00:00,70.09,72.1,,,,,36.7,,,,,,,,,
2015-01-02 0:00:00,70.456,72.1,,,,,42.7,,,,,,,,,
2015-01-03 0:00:00,72.772,72.1,,,,,48.4,,,,,,,,,
2015-01-04 0:00:00,73.266,72.1,,,,,50.3,,,,,,,,,
2015-01-05 0:00:00,71.194,72.1,,,,,35,,,,,,,,,
2015-01-06 0:00:00,70.184,72.1,,,,,36.9,,,,,,,,,
2015-01-07 0:00:00,69.449,72.1,,,,,22.9,,,,,,,,,
2015-01-08 0:00:00,69.111,72.1,,,,,14.2,,,,,,,,,
2015-01-09 0:00:00,68.784,72.1,,,,,25.2,,,,,,,,,
2015-01-10 0:00:00,68.405,72.1,,,,,26.4,,,,,,,,,
2015-01-11 0:00:00,68.054,72.1,,,,,34.2,,,,,,,,,
2015-01-12 0:00:00,70.024,72.1,,,,,47.2,,,,,,,,,
2015-01-13 0:00:00,70.878,72.1,,,,,41.5,,,,,,,,,
2015-01-14 0:00:00,70.594,72.1,,,,,36.2,,,,,,,,,
2015-01-15 0:00:00,70.012,72.1,,,,,32,,,,,,,,,
2015-01-16 0:00:00,69.514,72.1,,,,,38.7,,,,,,,,,
2015-01-17 0:00:00,68.728,72.1,,,,,39.7,,,,,,,,,
2015-01-18 0:00:00,68.283,72.1,,,,,43.9,,,,,,,,,
2015-01-19 0:00:00,67.721,72.1,,,,,48.6,,,,,,,,,
2015-01-20 0:00:00,69.949,72.1,,,,,52.9,,,,,,,,,
2015-01-21 0:00:00,76.091,72.1,,,,,46.7,,,,,,,,,
2015-01-22 0:00:00,75.186,72.1,,,,,41,,,,,,,,,
2015-01-23 0:00:00,76.797,72.1,,,,,39.5,,,,,,,,,
2015-01-24 0:00:00,77.497,72.1,,,,,38.2,,,,,,,,,
2015-01-25 0:00:00,75.066,72.1,,,,,40.2,,,,,,,,,
2015-01-26 0:00:00,73.159,72.1,,,,,34.9,,,,,,,,,
2015-01-27 0:00:00,71.877,72.1,,,,,30.2,,,,,,,,,
2015-01-28 0:00:00,70.31,72.1,,,,,34.2,,,,,,,,,
2015-01-29 0:00:00,68.991,72.1,,,,,40.6,,,,,,,,,
2015-01-30 0:00:00,68.429,72.1,,,,,34.8,,,,,,,,,
2015-01-31 0:00:00,67.9,72.1,,,,,35.1,,,,,,,,,
2015-02-01 0:00:00,68.275,72.1,,,,,40.7,,,,,,,,,
2015-02-02 0:00:00,70.494,72.1,,,,,34.4,,,,,,,,,
2015-02-03 0:00:00,69.385,72.1,,,,,29.2,,,,,,,,,
2015-02-04 0:00:00,68.651,72.1,,,,,35.9,,,,,,,,,
2015-02-05 0:00:00,68.171,72.1,,,,,35.6,,,,,,,,,
2015-02-06 0:00:00,67.535,72.1,,,,,32.7,,,,,,,,,
2015-02-07 0:00:00,66.856,72.1,,,,,18.4,,,,,,,,,
2015-02-08 0:00:00,66.171,72.1,,,,,51.8,,,,,,,,,
2015-02-09 0:00:00,66.466,72.1,,,,,49.2,,,,,,,,,
2015-02-10 0:00:00,66.747,72.1,,,,,42.3,,,,,,,,,
2015-02-11 0:00:00,65.981,72.1,,,,,40.3,,,,,,,,,
2015-02-12 0:00:00,65.654,72.1,,,,,32.4,,,,,,,,,
2015-02-13 0:00:00,65.381,72.1,,,,,26.5,,,,,,,,,
2015-02-14 0:00:00,64.986,72.1,,,,,31.2,,,,,,,,,
2015-02-15 0:00:00,64.801,72.1,,,,,25.2,,,,,,,,,
2015-02-16 0:00:00,66.585,72.1,,,,,27.1,,,,,,,,,
2015-02-17 0:00:00,70.05,72.1,,,,,30.3,,,,,,,,,
2015-02-18 0:00:00,66.489,72.1,,,,,21,,,,,,,,,
2015-02-19 0:00:00,66.239,72.1,,,,,8.4,,,,,,,,,
2015-02-20 0:00:00,65.942,72.1,,,,,15.7,,,,,,,,,
2015-02-21 0:00:00,66.147,72.1,,,,,28.7,,,,,,,,,
2015-02-22 0:00:00,67.294,72.1,,,,,43.8,,,,,,,,,
2015-02-23 0:00:00,67.224,72.1,,,,,40.1,,,,,,,,,
2015-02-24 0:00:00,72.174,72.1,,,,,29.5,,,,,,,,,
2015-02-25 0:00:00,74.214,72.1,,,,,27.9,,,,,,,,,
2015-02-26 0:00:00,78.312,72.1,,,,,31.9,,,,,,,,,
2015-02-27 0:00:00,71.463,72.1,,,,,32.7,,,,,,,,,
2015-02-28 0:00:00,67.33,72.1,,,,,35.2,,,,,,,,,
2015-03-01 0:00:00,67.069,72.1,,,,,40.9,,,,,,,,,
2015-03-02 0:00:00,67.073,72.1,,,,,54,,,,,,,,,
2015-03-03 0:00:00,66.933,72.1,,,,,47.9,,,,,,,,,
2015-03-04 0:00:00,66.524,72.1,,,,,61.2,,,,,,,,,
2015-03-05 0:00:00,66.086,72.1,,,,,47.3,,,,,,,,,
2015-03-06 0:00:00,65.835,72.1,,,,,31.7,,,,,,,,,
2015-03-07 0:00:00,64.732,72.1,,,,,40.3,,,,,,,,,
2015-03-08 0:00:00,63.127,72.1,,,,,48.6,,,,,,,,,
2015-03-09 0:00:00,61.684,72.1,,,,,49.6,,,,,,,,,
2015-03-10 0:00:00,61.817,72.1,,,,,51.8,,,,,,,,,
2015-03-11 0:00:00,62.392,72.1,,,,,58.3,,,,,,,,,
2015-03-12 0:00:00,62.438,72.1,,,,,53.9,,,,,,,,,
2015-03-13 0:00:00,62.542,72.1,,,,,46,,,,,,,,,
2015-03-14 0:00:00,64.272,72.1,,,,,52.4,,,,,,,,,
2015-03-15 0:00:00,63.252,72.1,,,,,58.1,,,,,,,,,
2015-03-16 0:00:00,58.51,72.1,,,,,58.3,,,,,,,,,
2015-03-17 0:00:00,50.978,72.1,,,,,62.6,,,,,,,,,
2015-03-18 0:00:00,50.705,72.1,,,,,53.8,,,,,,,,,
2015-03-19 0:00:00,51.117,72.1,,,,,46.7,,,,,,,,,
2015-03-21 0:00:00,66.01,72.1,,,,,64.3,,,,,,,,,
2015-03-22 0:00:00,65.849,72.1,,,,,53.2,,,,,,,,,
2015-03-23 0:00:00,66.445,72.1,,,,,53,,,,,,,,,
2015-03-24 0:00:00,65.308,72.1,,,,,56.9,,,,,,,,,
2015-03-25 0:00:00,64.995,72.1,,,,,56.2,,,,,,,,,
2015-03-26 0:00:00,65.198,72.1,,,,,58.9,,,,,,,,,
2015-03-27 0:00:00,65.305,72.1,,,,,44.6,,,,,,,,,
2015-03-28 0:00:00,63.958,72.1,,,,,33.6,,,,,,,,,
2015-03-29 0:00:00,62.775,72.1,,,,,39,,,,,,,,,
2015-03-30 0:00:00,63.299,72.1,,,,,50.3,,,,,,,,,
2015-03-31 0:00:00,62.846,72.1,,,,,57.8,,,,,,,,,
2015-04-01 0:00:00,62.781,72.1,,,,,62.6,,,,,,,,,
2015-04-02 0:00:00,62.979,72.1,,,,,53.4,,,,,,,,,
2015-04-03 0:00:00,64.318,72.1,,,,,64.2,,,,,,,,,
2015-04-04 0:00:00,65.434,72.1,,,,,52.2,,,,,,,,,
2015-04-05 0:00:00,64.311,72.1,,,,,47.4,,,,,,,,,
2015-04-06 0:00:00,64.842,72.1,,,,,51.8,,,,,,,,,
2015-04-07 0:00:00,66.817,72.1,,,,,61.3,,,,,,,,,
2015-04-08 0:00:00,65.853,72.1,,,,,67.5,,,,,,,,,
2015-04-09 0:00:00,65.009,72.1,,,,,71.1,,,,,,,,,
2015-04-10 0:00:00,65.876,72.1,,,,,65.2,,,,,,,,,
2015-04-11 0:00:00,65.894,72.1,,,,,60.8,,,,,,,,,
2015-04-12 0:00:00,65.215,72.1,,,,,60.1,,,,,,,,,
2015-04-13 0:00:00,67.044,72.1,,,,,58.1,,,,,,,,,
2015-04-14 0:00:00,69.218,72.1,,,,,64.5,,,,,,,,,
2015-04-15 0:00:00,69.512,72.1,,,,,57.4,,,,,,,,,
2015-04-16 0:00:00,69.118,72.1,,,,,52.7,,,,,,,,,
2015-04-17 0:00:00,69.692,72.1,,,,,56.7,,,,,,,,,
2015-04-18 0:00:00,69.832,72.1,,,,,63.5,,,,,,,,,
2015-04-19 0:00:00,71.137,72.1,,,,,60.5,,,,,,,,,
2015-04-20 0:00:00,71.051,72.1,,,,,60,,,,,,,,,
2015-04-21 0:00:00,64.451,72.1,,,,,55.2,,,,,,,,,
2015-04-22 0:00:00,54.436,72.1,,,,,57.8,,,,,,,,,
2015-04-23 0:00:00,51.118,72.1,,,,,55.8,,,,,,,,,
2015-04-24 0:00:00,51.208,72.1,,,,,56.9,,,,,,,,,
2015-04-25 0:00:00,59.356,72.1,,,,,57.6,,,,,,,,,
2015-04-26 0:00:00,66.918,72.1,,,,,61.4,,,,,,,,,
2015-04-27 0:00:00,65.611,72.1,,,,,53.6,,,,,,,,,
2015-04-28 0:00:00,65.02,72.1,,,,,54.1,,,,,,,,,
2015-04-29 0:00:00,65.597,72.1,,,,,52.7,,,,,,,,,
2015-04-30 0:00:00,65.618,72.1,,,,,52.5,,,,,,,,,
2015-05-01 0:00:00,66.374,72.1,,,,,51.8,,,,,,,,,
2015-05-02 0:00:00,67.552,72.1,,,,,56.8,,,,,,,,,
2015-05-03 0:00:00,70.239,72.1,,,,,60.8,,,,,,,,,
2015-05-04 0:00:00,72.98,72.1,,,,,63.8,,,,,,,,,
2015-05-05 0:00:00,75.781,72.1,,,,,64.7,,,,,,,,,
2015-05-06 0:00:00,78.157,72.1,,,,,65.3,,,,,,,,,
2015-05-07 0:00:00,80.717,72.1,,,,,64.6,,,,,,,,,
2015-05-08 0:00:00,84.398,72.1,,,,,64.1,,,,,,,,,
2015-05-09 0:00:00,92.093,72.1,,,,,67.1,,,,,,,,,
2015-05-10 0:00:00,95.167,72.1,,,,,69.2,,,,,,,,,
2015-05-11 0:00:00,97.29,72.1,,,,,70,,,,,,,,,
2015-05-12 0:00:00,98.571,72.1,,,,,69.8,,,,,,,,,
2015-05-13 0:00:00,100.324,72.1,,,,,67,,,,,,,,,
2015-05-14 0:00:00,101.645,72.1,,,,,65,,,,,,,,,
2015-05-15 0:00:00,103.509,72.1,,,,,65.3,,,,,,,,,
2015-05-16 0:00:00,106.038,72.1,,,,,67.4,,,,,,,,,
2015-05-17 0:00:00,107.911,72.1,,,,,67.1,,,,,,,,,
2015-05-18 0:00:00,109.498,72.1,,,,,69.1,,,,,,,,,
2015-05-19 0:00:00,113.331,72.1,,,,,67.2,,,,,,,,,
2015-05-20 0:00:00,112.473,72.1,,,,,69.8,,,,,,,,,
2015-05-21 0:00:00,111.624,72.1,,,,,66,,,,,,,,,
2015-05-22 0:00:00,111.205,72.1,,,,,59.9,,,,,,,,,
2015-05-23 0:00:00,111.265,72.1,,,,,62.9,,,,,,,,,
2015-05-24 0:00:00,111.639,72.1,,,,,65.3,,,,,,,,,
2015-05-25 0:00:00,112.636,72.1,,,,,65.7,,,,,,,,,
2015-05-26 0:00:00,117.83,72.1,,,,,63.4,,,,,,,,,
2015-05-27 0:00:00,118.084,72.1,,,,,65,,,,,,,,,
2015-05-28 0:00:00,117.195,72.1,,,,,65.5,,,,,,,,,
2015-05-29 0:00:00,117.249,72.1,,,,,66.2,,,,,,,,,
2015-05-30 0:00:00,116.195,72.1,,,,,67.2,,,,,,,,,
2015-05-31 0:00:00,116.496,72.1,,,,,63.3,,,,,,,,,
2015-06-01 0:00:00,118.129,72.1,,,,,67.6,,,,,,,,,
2015-06-02 0:00:00,118.081,72.1,,,,,64.2,,,,,,,,,
2015-06-03 0:00:00,117.82,72.1,,,,,59,,,,,,,,,
2015-06-04 0:00:00,118.423,72.1,,,,,62.5,,,,,,,,,
2015-06-05 0:00:00,117.688,72.1,,,,,64.8,,,,,,,,,
2015-06-06 0:00:00,117.606,72.1,,,,,68.5,,,,,,,,,
2015-06-07 0:00:00,115.77,72.1,,,,,70.8,,,,,,,,,
2015-06-08 0:00:00,115.099,72.1,,,,,70.1,,,,,,,,,
2015-06-09 0:00:00,117.515,72.1,,,,,68.2,,,,,,,,,
2015-06-10 0:00:00,115.701,72.1,,,,,69,,,,,,,,,
2015-06-11 0:00:00,114.483,72.1,,,,,69.9,,,,,,,,,
2015-06-12 0:00:00,117.687,72.1,,,,,71,,,,,,,,,
2015-06-13 0:00:00,123.827,72.1,,,,,72.1,,,,,,,,,
2015-06-14 0:00:00,122.849,72.1,,,,,76.3,,,,,,,,,
2015-06-15 0:00:00,122.163,72.1,,,,,76.3,,,,,,,,,
2015-06-16 0:00:00,121.68,72.1,,,,,76.3,,,,,,,,,
2015-06-17 0:00:00,121.409,72.1,,,,,76.3,,,,,,,,,
2015-06-18 0:00:00,121.399,72.1,,,,,76.3,,,,,,,,,
2015-06-19 0:00:00,121.768,72.1,,,,,76.3,,,,,,,,,
2015-06-20 0:00:00,122.172,72.1,,,,,76.3,,,,,,,,,
2015-06-21 0:00:00,122.844,72.1,,,,,76.3,,,,,,,,,
2015-06-22 0:00:00,124.975,72.1,,,,,76.3,,,,,,,,,
2015-06-23 0:00:00,127.332,72.1,,,,,76.3,,,,,,,,,
2015-06-24 0:00:00,128.761,72.1,,,,,76.3,,,,,,,,,
2015-06-25 0:00:00,129.625,72.1,,,,,76.3,,,,,,,,,
2015-06-26 0:00:00,131,72.1,,,,,76.3,,,,,,,,,
2015-06-27 0:00:00,134.361,72.1,,,,,76.3,,,,,,,,,
2015-06-28 0:00:00,135.114,72.1,,,,,76.3,,,,,,,,,
2015-06-29 0:00:00,135.201,72.1,,,,,74.3,,,,,,,,,
2015-06-30 0:00:00,139.761,72.1,,,,,72.4,,,,,,,,,
2015-07-01 0:00:00,137.245,72.1,,,,,76.3,,,,,,,,,
2015-07-02 0:00:00,136.317,72.1,,,,,76.3,,,,,,,,,
2015-07-03 0:00:00,137.832,72.1,,,,,76.3,,,,,,,,,
2015-07-04 0:00:00,138.743,72.1,,,,,76.3,,,,,,,,,
2015-07-05 0:00:00,141.023,72.1,,,,,76.3,,,,,,,,,
2015-07-06 0:00:00,142.736,72.1,,,,,76.3,,,,,,,,,
2015-07-07 0:00:00,145.356,72.1,,,,,76.3,,,,,,,,,
2015-07-08 0:00:00,148.031,72.1,,,,,76.3,,,,,,,,,
2015-07-09 0:00:00,150.997,72.1,,,,,76.3,,,,,,,,,
2015-07-10 0:00:00,152.456,72.1,,,,,76.3,,,,,,,,,
2015-07-11 0:00:00,156.104,72.1,,,,,76.3,,,,,,,,,
2015-07-12 0:00:00,160.752,72.1,,,,,76.3,,,,,,,,,
2015-07-13 0:00:00,164.85,72.1,,,,,76.3,,,,,,,,,
2015-07-14 0:00:00,169.092,72.1,,,,,76.3,,,,,,,,,
2015-07-15 0:00:00,171.798,72.1,,,,,76.3,,,,,,,,,
2015-07-21 0:00:00,182.48,72.1,,,,,76.3,,,,,,,,,
2015-07-22 0:00:00,181.219,72.1,,,,,76.3,,,,,,,,,
2015-07-23 0:00:00,180.717,72.1,,,,,76.3,,,,,,,,,
2015-07-24 0:00:00,181.517,72.1,,,,,76.3,,,,,,,,,
2015-08-02 0:00:00,174.275,72.1,,,,,76.3,,,,,,,,,
2015-08-03 0:00:00,173.659,72.1,,,,,76.3,,,,,,,,,
2015-08-04 0:00:00,172.708,72.1,,,,,76.3,,,,,,,,,
2015-08-05 0:00:00,171.853,72.1,,,,,76.3,,,,,,,,,
2015-08-06 0:00:00,171.428,72.1,,,,,76.3,,,,,,,,,
2015-08-07 0:00:00,171.03,72.1,,,,,76.3,,,,,,,,,
2015-08-08 0:00:00,170.294,72.1,,,,,76.3,,,,,,,,,
2015-08-09 0:00:00,167.623,72.1,,,,,76.3,,,,,,,,,
2015-08-10 0:00:00,170.398,72.1,,,,,76.3,,,,,,,,,
2015-08-11 0:00:00,172.475,72.1,,,,,76.3,,,,,,,,,
2015-08-12 0:00:00,169.726,72.1,,,,,76.3,,,,,,,,,
2015-08-13 0:00:00,167.906,72.1,,,,,76.3,,,,,,,,,
2015-08-14 0:00:00,167.965,72.1,,,,,76.3,,,,,,,,,
2015-08-15 0:00:00,169.344,72.1,,,,,76.3,,,,,,,,,
2015-08-16 0:00:00,167.216,72.1,,,,,76.3,,,,,,,,,
2015-08-17 0:00:00,166.807,72.1,,,,,76.3,,,,,,,,,
2015-08-18 0:00:00,168.796,72.1,,,,,76.3,,,,,,,,,
2015-08-19 0:00:00,168.352,72.1,,,,,76.3,,,,,,,,,
2015-08-20 0:00:00,167.46,72.1,,,,,76.3,,,,,,,,,
2015-08-21 0:00:00,164.675,72.1,,,,,76.3,,,,,,,,,
2015-08-22 0:00:00,163.034,72.1,,,,,76.3,,,,,,,,,
2015-08-23 0:00:00,164.939,72.1,,,,,76.3,,,,,,,,,
2015-08-24 0:00:00,163.287,72.1,,,,,76.3,,,,,,,,,
2015-08-25 0:00:00,160.738,72.1,,,,,76.3,,,,,,,,,
2015-08-26 0:00:00,158.857,72.1,,,,,76.3,,,,,,,,,
2015-08-27 0:00:00,157.527,72.1,,,,,76.3,,,,,,,,,
2015-08-28 0:00:00,156.373,72.1,,,,,76.3,,,,,,,,,
2015-08-29 0:00:00,155.454,72.1,,,,,76.3,,,,,,,,,
2015-08-30 0:00:00,156.203,72.1,,,,,76.3,,,,,,,,,
2015-08-31 0:00:00,159.192,72.1,,,,,76.3,,,,,,,,,
2015-09-01 0:00:00,164.18,72.1,,,,,76.3,,,,,,,,,
2015-09-02 0:00:00,163.549,72.1,,,,,76.3,,,,,,,,,
2015-09-03 0:00:00,137.804,72.1,,,,,76.3,,,,,,,,,
2015-09-04 0:00:00,101.202,72.1,,,,,76.3,,,,,,,,,
2015-09-05 0:00:00,100.927,72.1,,,,,74.1,,,,,,,,,
2015-09-06 0:00:00,100.696,72.1,,,,,70.2,,,,,,,,,
2015-09-07 0:00:00,100.365,72.1,,,,,-46.9,,,,,,,,,
2015-09-08 0:00:00,99.204,72.1,,,,,-999.9,,,,,,,,,
2015-09-09 0:00:00,100.921,72.1,,,,,-999.9,,,,,,,,,
2015-09-10 0:00:00,101.681,72.1,,,,,-999.9,,,,,,,,,
2015-09-11 0:00:00,100.734,72.1,,,,,-999.9,,,,,,,,,
2015-09-12 0:00:00,100.068,72.1,,,,,-999.9,,,,,,,,,
2015-09-13 0:00:00,99.317,72.1,,,,,-999.9,,,,,,,,,
2015-09-14 0:00:00,98.381,72.1,,,,,-999.9,,,,,,,,,
2015-09-15 0:00:00,97.835,72.1,,,,,-999.9,,,,,,,,,
2015-09-16 0:00:00,97.149,72.1,,,,,-999.9,,,,,,,,,
2015-09-17 0:00:00,96.871,72.1,,,,,-999.9,,,,,,,,,
2015-09-18 0:00:00,98.851,72.1,,,,,-999.9,,,,,,,,,
2015-09-19 0:00:00,100.392,72.1,,,,,-999.9,,,,,,,,,
2015-09-20 0:00:00,100.49,72.1,,,,,-999.9,,,,,,,,,
2015-09-21 0:00:00,100.291,72.1,,,,,-999.9,,,,,,,,,
2015-09-22 0:00:00,98.839,72.1,,,,,-999.9,,,,,,,,,
2015-09-23 0:00:00,96.425,72.1,,,,,-999.9,,,,,,,,,
2015-09-24 0:00:00,96.478,72.1,,,,,-999.9,,,,,,,,,
2015-09-25 0:00:00,99.147,72.1,,,,,-999.9,,,,,,,,,
2015-09-26 0:00:00,99.042,72.1,,,,,-999.9,,,,,,,,,
2015-09-27 0:00:00,97.919,72.1,,,,,-999.9,,,,,,,,,
2015-09-28 0:00:00,97.917,72.1,,,,,-999.9,,,,,,,,,
2015-09-29 0:00:00,98.176,72.1,,,,,-999.9,,,,,,,,,
2015-09-30 0:00:00,97.27,72.1,,,,,-999.9,,,,,,,,,
2015-10-01 0:00:00,96.818,72.1,,,,,-999.9,,,,,,,,,
2015-10-02 0:00:00,97.988,72.1,,,,,-999.9,,,,,,,,,
2015-10-03 0:00:00,98.803,72.1,,,,,-999.9,,,,,,,,,
2015-10-04 0:00:00,99.833,72.1,,,,,-999.9,,,,,,,,,
2015-10-05 0:00:00,102.915,72.1,,,,,-999.9,,,,,,,,,
2015-10-06 0:00:00,105.08,72.1,,,,,-999.9,,,,,,,,,
2015-10-07 0:00:00,104.017,72.1,,,,,-999.9,,,,,,,,,
2015-10-08 0:00:00,103.245,72.1,,,,,-999.9,,,,,,,,,
2015-10-09 0:00:00,102.42,72.1,,,,,-999.9,,,,,,,,,
2015-10-10 0:00:00,102.86,72.1,,,,,-999.9,,,,,,,,,
2015-10-11 0:00:00,102.198,72.1,,,,,-999.9,,,,,,,,,
2015-10-12 0:00:00,101.12,72.1,,,,,-999.9,,,,,,,,,
2015-10-13 0:00:00,100.552,72.1,,,,,-999.9,,,,,,,,,
2015-10-14 0:00:00,99.509,72.1,,,,,-999.9,,,,,,,,,
2015-10-15 0:00:00,98.654,72.1,,,,,-999.9,,,,,,,,,
2015-10-16 0:00:00,98.015,72.1,,,,,-999.9,,,,,,,,,
2015-10-17 0:00:00,97.316,72.1,,,,,-999.9,,,,,,,,,
2015-10-18 0:00:00,96.666,72.1,,,,,-999.9,,,,,,,,,
2015-10-19 0:00:00,96.01,72.1,,,,,-999.9,,,,,,,,,
2015-10-20 0:00:00,95.466,72.1,,,,,-999.9,,,,,,,,,
2015-10-21 0:00:00,97.57,72.1,,,,,-999.9,,,,,,,,,
2015-10-22 0:00:00,101.494,72.1,,,,,-999.9,,,,,,,,,
2015-10-23 0:00:00,104.17,72.1,,,,,-999.9,,,,,,,,,
2015-10-24 0:00:00,103.579,72.1,,,,,-999.9,,,,,,,,,
2015-10-25 0:00:00,103.381,72.1,,,,,-999.9,,,,,,,,,
2015-10-26 0:00:00,103.575,72.1,,,,,-999.9,,,,,,,,,
2015-10-27 0:00:00,104.696,72.1,,,,,-999.9,,,,,,,,,
2015-10-28 0:00:00,105.391,72.1,,,,,-999.9,,,,,,,,,
2015-10-29 0:00:00,104.825,72.1,,,,,-999.9,,,,,,,,,
2015-10-30 0:00:00,104.409,72.1,,,,,-999.9,,,,,,,,,
2015-10-31 0:00:00,103.675,72.1,,,,,-999.9,,,,,,,,,
2015-11-01 0:00:00,104.283,72.1,,,,,-999.9,,,,,,,,,
2015-11-02 0:00:00,105.083,72.1,,,,,-999.9,,,,,,,,,
2015-11-03 0:00:00,104.57,72.1,,,,,-999.9,,,,,,,,,
2015-11-04 0:00:00,103.911,72.1,,,,,-999.9,,,,,,,,,
2015-11-05 0:00:00,103.91,72.1,,,,,-999.9,,,,,,,,,
2015-11-06 0:00:00,104.007,72.1,,,,,-999.9,,,,,,,,,
2015-11-07 0:00:00,103.918,72.1,,,,,-999.9,,,,,,,,,
2015-11-08 0:00:00,103.681,72.1,,,,,-999.9,,,,,,,,,
2015-11-09 0:00:00,104.316,72.1,,,,,-999.9,,,,,,,,,
2015-11-10 0:00:00,103.922,72.1,,,,,-999.9,,,,,,,,,
2015-11-11 0:00:00,103.087,72.1,,,,,-999.9,,,,,,,,,
2015-11-12 0:00:00,102.605,72.1,,,,,-999.9,,,,,,,,,
2015-11-13 0:00:00,102.111,72.1,,,,,-999.9,,,,,,,,,
2015-11-14 0:00:00,101.677,72.1,,,,,-999.9,,,,,,,,,
2015-11-15 0:00:00,101.087,72.1,,,,,-999.9,,,,,,,,,
2015-11-16 0:00:00,100.949,72.1,,,,,-999.9,,,,,,,,,
2015-11-17 0:00:00,100.635,72.1,,,,,-999.9,,,,,,,,,
2015-11-18 0:00:00,101.489,72.1,,,,,-999.9,,,,,,,,,
2015-11-19 0:00:00,101.903,72.1,,,,,-999.9,,,,,,,,,
2015-11-20 0:00:00,101.035,72.1,,,,,-999.9,,,,,,,,,
2015-11-21 0:00:00,100.565,72.1,,,,,-999.9,,,,,,,,,
2015-11-22 0:00:00,100.374,72.1,,,,,-999.9,,,,,,,,,
2015-11-23 0:00:00,100.077,72.1,,,,,-999.9,,,,,,,,,
2015-11-24 0:00:00,99.84,72.1,,,,,-999.9,,,,,,,,,
2015-11-25 0:00:00,99.607,72.1,,,,,-999.9,,,,,,,,,
2015-11-26 0:00:00,99.319,72.1,,,,,-999.9,,,,,,,,,
2015-11-27 0:00:00,99.099,72.1,,,,,-999.9,,,,,,,,,
2015-11-28 0:00:00,98.802,72.1,,,,,-999.9,,,,,,,,,
2015-11-29 0:00:00,98.962,72.1,,,,,-999.9,,,,,,,,,
2015-11-30 0:00:00,99.984,72.1,,,,,-999.9,,,,,,,,,
2015-12-01 0:00:00,100.357,72.1,,,,,-999.9,,,,,,,,,
2015-12-02 0:00:00,100.871,72.1,,,,,-999.9,,,,,,,,,
2015-12-03 0:00:00,100.33,72.1,,,,,-999.9,,,,,,,,,
2015-12-04 0:00:00,99.882,72.1,,,,,-999.9,,,,,,,,,
2015-12-05 0:00:00,99.549,72.1,,,,,-999.9,,,,,,,,,
2015-12-06 0:00:00,99.207,72.1,,,,,-999.9,,,,,,,,,
2015-12-07 0:00:00,99.042,72.1,,,,,-999.9,,,,,,,,,
2015-12-08 0:00:00,98.62,72.1,,,,,-999.9,,,,,,,,,
2015-12-09 0:00:00,98.282,72.1,,,,,-999.9,,,,,,,,,
2015-12-10 0:00:00,98.163,72.1,,,,,-999.9,,,,,,,,,
2015-12-11 0:00:00,98.03,72.1,,,,,-999.9,,,,,,,,,
2015-12-12 0:00:00,97.864,72.1,,,,,-999.9,,,,,,,,,
2015-12-13 0:00:00,97.552,72.1,,,,,-999.9,,,,,,,,,
2015-12-14 0:00:00,98.508,72.1,,,,,-999.9,,,,,,,,,
2015-12-15 0:00:00,98.446,72.1,,,,,-999.9,,,,,,,,,
2015-12-16 0:00:00,97.892,72.1,,,,,-999.9,,,,,,,,,
2015-12-17 0:00:00,98.444,72.1,,,,,-999.9,,,,,,,,,
2015-12-18 0:00:00,98.275,72.1,,,,,-999.9,,,,,,,,,
2015-12-19 0:00:00,97.984,72.1,,,,,-999.9,,,,,,,,,
2015-12-20 0:00:00,97.634,72.1,,,,,-999.9,,,,,,,,,
2015-12-21 0:00:00,97.617,72.1,,,,,-999.9,,,,,,,,,
2015-12-22 0:00:00,98.271,72.1,,,,,-999.9,,,,,,,,,
2015-12-23 0:00:00,99.098,72.1,,,,,-999.9,,,,,,,,,
2015-12-24 0:00:00,99.794,72.1,,,,,-999.9,,,,,,,,,
2015-12-25 0:00:00,,72.1,,,,,-999.9,,,,,,,,,
2015-12-26 0:00:00,,72.1,,,,,-999.9,,,,,,,,,
2015-12-27 0:00:00,,72.1,,,,,-999.9,,,,,,,,,
2015-12-28 0:00:00,,72.1,,,,,-999.9,,,,,,,,,
2015-12-29 0:00:00,,72.1,,,,,-999.9,,,,,,,,,
2015-12-30 0:00:00,,72.1,,,,,-999.9,,,,,,,,,
2015-12-31 0:00:00,,72.1,,,,,-999.9,,,,,,,,,
2016-01-01 0:00:00,,72.1,,,,,-999.9,,,,,,,,0,
2016-01-02 0:00:00,,72.1,,,,,-999.9,,,,,,,,0,
2016-01-03 0:00:00,,72.1,,,,,-999.9,,,,,,,,0,
2016-01-04 0:00:00,,72.1,,,,,-999.9,,,,,,,,0,
2016-01-05 0:00:00,,72.1,,,,,-999.9,,,,,,,,0,
2016-01-06 0:00:00,,72.1,,,,,-999.9,,,,,,,,0,
2016-01-07 0:00:00,,72.1,,,,,-999.9,,,,,,,,0,
2016-01-08 0:00:00,,72.1,,,,,-999.9,,,,,,,,0,
2016-01-09 0:00:00,,72.1,,,,,-999.9,,,,,,,,0,
2016-01-10 0:00:00,,72.1,,,,,-999.9,,,,,,,,0,
2016-01-11 0:00:00,,72.1,,,,,-999.9,,,,,,,,0,
2016-01-12 0:00:00,,72.1,,,,,-999.9,,,,,,,,0,
2016-01-13 0:00:00,,72.1,,,,,-999.9,,,,,,,,0,
2016-01-14 0:00:00,,72.1,,,,,-999.9,,,,,,,,0,
2016-01-15 0:00:00,,72.1,,,,,-999.9,,,,,,,,0,
2016-01-16 0:00:00,,72.1,,,,,-999.9,,,,,,,,0,
2016-01-17 0:00:00,,72.1,,,,,-999.9,,,,,,,,0,
2016-01-18 0:00:00,,72.1,,,,,-999.9,,,,,,,,0,
2016-01-19 0:00:00,,72.1,,,,,-999.9,,,,,,,,0,
2016-01-20 0:00:00,,72.1,,,,,-999.9,,,,,,,,0,
2016-01-22 0:00:00,,72.1,,,,,-999.9,,,,,,,,0,
2016-01-23 0:00:00,,72.1,,,,,-999.9,,,,,,,,0,
2016-01-24 0:00:00,,72.1,,,,,-999.9,,,,,,,,0,
2016-01-25 0:00:00,,72.1,,,,,-999.9,,,,,,,,0,
2016-01-26 0:00:00,,72.1,,,,,-999.9,,,,,,,,0,
2016-01-27 0:00:00,,72.1,,,,,-999.9,,,,,,,,0,
2016-01-28 0:00:00,,72.1,,,,,-999.9,,,,,,,,0,
2016-01-29 0:00:00,,72.1,,,,,-999.9,,,,,,,,0,
2016-01-30 0:00:00,,72.1,,,,,-999.9,,,,,,,,0,
2016-01-31 0:00:00,,72.1,,,,,-999.9,,,,,,,,0,
2016-02-01 0:00:00,,72.1,,,,,-999.9,,,,,,,,0,
2016-02-02 0:00:00,,72.1,,,,,-999.9,,,,,,,,0,
2016-02-03 0:00:00,,72.1,,,,,-999.9,,,,,,,,0,
2016-02-04 0:00:00,,72.1,,,,,-999.9,,,,,,,,0,
2016-02-05 0:00:00,,72.1,,,,,-999.9,,,,,,,,0,
2016-02-06 0:00:00,,72.1,,,,,-999.9,,,,,,,,0,
2016-02-07 0:00:00,,72.1,,,,,-999.9,,,,,,,,0,
2016-02-08 0:00:00,,72.1,,,,,-999.9,,,,,,,,0,
2016-02-09 0:00:00,,72.1,,,,,-999.9,,,,,,,,0,
2016-02-10 0:00:00,,72.1,,,,,-999.9,,,,,,,,0,
2016-02-11 0:00:00,,72.1,,,,,-999.9,,,,,,,,0,
2016-02-12 0:00:00,,72.1,,,,,-999.9,,,,,,,,0,
2016-02-13 0:00:00,,72.1,,,,,-999.9,,,,,,,,0,
2016-02-14 0:00:00,,72.1,,,,,-999.9,,,,,,,,0,
2016-02-15 0:00:00,,72.1,,,,,-999.9,,,,,,,,0,
2016-02-16 0:00:00,,72.1,,,,,-999.9,,,,,,,,0,
2016-02-17 0:00:00,,72.1,,,,,-999.9,,,,,,,,0,
2016-02-18 0:00:00,,72.1,,,,,-999.9,,,,,,,,0,
2016-02-19 0:00:00,,72.1,,,,,-999.9,,,,,,,,0,
2016-02-20 0:00:00,,72.1,,,,,-999.9,,,,,,,,0,
2016-02-21 0:00:00,,72.1,,,,,-999.9,,,,,,,,0,
2016-02-22 0:00:00,,72.1,,,,,-999.9,,,,,,,,0,
2016-02-23 0:00:00,,72.1,,,,,-999.9,,,,,,,,0,
2016-02-24 0:00:00,,72.1,,,,,-999.9,,,,,,,,0,
2016-02-25 0:00:00,,72.1,,,,,-999.9,,,,,,,,0,
2016-02-26 0:00:00,,72.1,,,,,-999.9,,,,,,,,0,
2016-02-27 0:00:00,,72.1,,,,,-999.9,,,,,,,,0,
2016-02-28 0:00:00,,72.1,,,,,-999.9,,,,,,,,0,
2016-02-29 0:00:00,,72.1,,,,,-999.9,,,,,,,,0,
2016-03-01 0:00:00,,72.1,,,,,-999.9,,,,,,,,0,
2016-03-02 0:00:00,,72.1,,,,,-999.9,,,,,,,,0,
2016-03-03 0:00:00,,72.1,,,,,-999.9,,,,,,,,0,
2016-03-04 0:00:00,,72.1,,,,,-999.9,,,,,,,,0,
2016-03-05 0:00:00,,72.1,,,,,-999.9,,,,,,,,0,
2016-03-06 0:00:00,,72.1,,,,,-999.9,,,,,,,,0,
2016-03-07 0:00:00,,72.1,,,,,-999.9,,,,,,,,0,
2016-03-08 0:00:00,,72.1,,,,,-999.9,,,,,,,,0,
2016-03-09 0:00:00,,72.1,,,,,-999.9,,,,,,,,0,
2016-03-10 0:00:00,,72.1,,,,,-999.9,,,,,,,,0,
2016-03-11 0:00:00,,72.1,,,,,-999.9,,,,,,,,0,
2016-03-12 0:00:00,,72.1,,,,,-999.9,,,,,,,,0,
2016-03-13 0:00:00,,72.1,,,,,-999.9,,,,,,,,0,
2016-03-14 0:00:00,,72.1,,,,,-999.9,,,,,,,,0,
2016-03-15 0:00:00,,72.1,,,,,-999.9,,,,,,,,0,
2016-03-16 0:00:00,,72.1,,,,,-999.9,,,,,,,,0,
2016-03-17 0:00:00,,72.1,,,,,-999.9,,,,,,,,0,
2016-03-18 0:00:00,,72.1,,,,,-999.9,,,,,,,,0,
2016-03-19 0:00:00,,72.1,,,,,-999.9,,,,,,,,0,
2016-03-20 0:00:00,,72.1,,,,,-999.9,,,,,,,,0,
2016-03-21 0:00:00,,72.1,,,,,-999.9,,,,,,,,0,
2016-03-22 0:00:00,,72.1,,,,,-999.9,,,,,,,,0,
2016-03-23 0:00:00,,72.1,,,,,-999.9,,,,,,,,0,
2016-03-24 0:00:00,,72.1,,,,,-999.9,,,,,,,,0,
2016-03-25 0:00:00,,72.1,,,,,-999.9,,,,,,,,0,
2016-03-26 0:00:00,,72.1,,,,,-999.9,,,,,,,,0,
2016-03-27 0:00:00,,72.1,,,,,-999.9,,,,,,,,0,
2016-03-28 0:00:00,,72.1,,,,,-999.9,,,,,,,,0,
2016-03-29 0:00:00,,72.1,,,,,-999.9,,,,,,,,0,
2016-03-30 0:00:00,,72.1,,,,,-999.9,,,,,,,,0,
2016-03-31 0:00:00,,72.1,,,,,-999.9,,,,,,,,0,
2016-04-01 0:00:00,,72.1,,,,,-999.9,,,,,,,,0,
2016-04-02 0:00:00,,72.1,,,,,-999.9,,,,,,,,0,
2016-04-03 0:00:00,,72.1,,,,,-999.9,,,,,,,,0,
2016-04-04 0:00:00,,72.1,,,,,-999.9,,,,,,,,0,
2016-04-05 0:00:00,,72.1,,,,,-999.9,,,,,,,,0,
2016-04-06 0:00:00,,72.1,,,,,-999.9,,,,,,,,0,
2016-04-07 0:00:00,,72.1,,,,,-999.9,,,,,,,,0,
2016-04-08 0:00:00,,72.1,,,,,-999.9,,,,,,,,0,
2016-04-09 0:00:00,,72.1,,,,,-999.9,,,,,,,,0,
2016-04-10 0:00:00,,72.1,,,,,-999.9,,,,,,,,0,
2016-04-11 0:00:00,,72.1,,,,,-999.9,,,,,,,,0,
2016-04-12 0:00:00,,72.1,,,,,-999.9,,,,,,,,0,
2016-04-13 0:00:00,,72.1,,,,,-999.9,,,,,,,,0,
2016-04-14 0:00:00,,72.1,,,,,-999.9,,,,,,,,0,
2016-04-15 0:00:00,,72.1,,,,,-999.9,,,,,,,,0,
2016-04-16 0:00:00,,72.1,,,,,-999.9,,,,,,,,0,
2016-04-17 0:00:00,,72.1,,,,,-999.9,,,,,,,,0,
2016-04-18 0:00:00,,72.1,,,,,-999.9,,,,,,,,0,
2016-04-19 0:00:00,,72.1,,,,,-999.9,,,,,,,,0,
2016-04-20 0:00:00,,72.1,,,,,-999.9,,,,,,,,0,
2016-04-21 0:00:00,,72.1,,,,,-999.9,,,,,,,,0,
2016-04-22 0:00:00,,72.1,,,,,-999.9,,,,,,,,0,
2016-04-23 0:00:00,,72.1,,,,,-999.9,,,,,,,,0,
2016-04-24 0:00:00,,72.1,,,,,-999.9,,,,,,,,0,
2016-04-25 0:00:00,,72.1,,,,,-999.9,,,,,,,,0,
2016-04-26 0:00:00,,72.1,,,,,-999.9,,,,,,,,0,
2016-04-27 0:00:00,,72.1,,,,,-999.9,,,,,,,,0,
2016-04-28 0:00:00,,72.1,,,,,-999.9,,,,,,,,0,
2016-04-29 0:00:00,,72.1,,,,,-999.9,,,,,,,,0,
2016-04-30 0:00:00,,72.1,,,,,-999.9,,,,,,,,0,
2016-05-01 0:00:00,,72.1,,,,,-999.9,,,,,,,,0,
2016-05-02 0:00:00,,72.1,,,,,-999.9,,,,,,,,0,
2016-05-03 0:00:00,,72.1,,,,,-999.9,,,,,,,,0,
2016-05-04 0:00:00,,72.1,,,,,-999.9,,,,,,,,0,
2016-05-05 0:00:00,,72.1,,,,,-999.9,,,,,,,,0,
2016-05-06 0:00:00,,72.1,,,,,-999.9,,,,,,,,0,
2016-05-07 0:00:00,,72.1,,,,,-999.9,,,,,,,,0,
2016-05-08 0:00:00,,72.1,,,,,-999.9,,,,,,,,0,
2016-05-09 0:00:00,,72.1,,,,,-999.9,,,,,,,,0,
2016-05-10 0:00:00,,72.1,,,,,-999.9,,,,,,,,0,
2016-05-11 0:00:00,,72.1,,,,,-999.9,,,,,,,,0,
2016-05-12 0:00:00,,72.1,,,,,-999.9,,,,,,,,0,
2016-05-13 0:00:00,,72.1,,,,,-999.9,,,,,,,,0,
2016-05-14 0:00:00,,72.1,,,,,-999.9,,,,,,,,0,
2016-05-15 0:00:00,,72.1,,,,,-999.9,,,,,,,,0,
2016-05-16 0:00:00,,72.1,,,,,-999.9,,,,,,,,0,
2016-05-17 0:00:00,,72.1,,,,,-999.9,,,,,,,,0,
2016-05-18 0:00:00,,72.1,,,,,-999.9,,,,,,,,0,
2016-05-19 0:00:00,,72.1,,,,,-999.9,,,,,,,,0,
2016-05-20 0:00:00,,72.1,,,,,-999.9,,,,,,,,0,
2016-05-21 0:00:00,,72.1,,,,,-999.9,,,,,,,,0,
2016-05-22 0:00:00,,72.1,,,,,-999.9,,,,,,,,0,
2016-05-23 0:00:00,,72.1,,,,,-999.9,,,,,,,,0,
2016-05-24 0:00:00,,72.1,,,,,-999.9,,,,,,,,0,
2016-05-25 0:00:00,,72.1,,,,,-999.9,,,,,,,,0,
2016-05-26 0:00:00,,72.1,,,,,-999.9,,,,,,,,0,
2016-05-27 0:00:00,,72.1,,,,,-999.9,,,,,,,,0,
2016-05-28 0:00:00,,72.1,,,,,-999.9,,,,,,,,0,
2016-05-29 0:00:00,,72.1,,,,,-999.9,,,,,,,,0,
2016-05-30 0:00:00,,72.1,,,,,-999.9,,,,,,,,0,
2016-05-31 0:00:00,,72.1,,,,,-999.9,,,,,,,,0,
2016-06-01 0:00:00,,72.1,,,,,-999.9,,,,,,,,0,
2016-06-02 0:00:00,,72.1,,,,,-999.9,,,,,,,,0,
2016-06-03 0:00:00,,72.1,,,,,-999.9,,,,,,,,0,
2016-06-04 0:00:00,,72.1,,,,,-999.9,,,,,,,,0,
2016-06-05 0:00:00,,72.1,,,,,-999.9,,,,,,,,0,
2016-06-06 0:00:00,,72.1,,,,,-999.9,,,,,,,,0,
2016-06-07 0:00:00,,72.1,,,,,-999.9,,,,,,,,0,
2016-06-08 0:00:00,,72.1,,,,,-999.9,,,,,,,,0,
2016-06-09 0:00:00,,72.1,,,,,-999.9,,,,,,,,0,
2016-06-10 0:00:00,,72.1,,,,,-999.9,,,,,,,,0,
2016-06-11 0:00:00,,72.1,,,,,-999.9,,,,,,,,0,
2016-06-12 0:00:00,,72.1,,,,,-999.9,,,,,,,,0,
2016-06-13 0:00:00,,72.1,,,,,-999.9,,,,,,,,0,
2016-06-14 0:00:00,,72.1,,,,,-999.9,,,,,,,,0,
2016-06-15 0:00:00,,72.1,,,,,-999.9,,,,,,,,0,
2016-06-16 0:00:00,,72.1,,,,,-999.9,,,,,,,,0,
2016-06-17 0:00:00,,72.1,,,,,-999.9,,,,,,,,0,
2016-06-18 0:00:00,,72.1,,,,,-999.9,,,,,,,,0,
2016-06-19 0:00:00,,72.1,,,,,-999.9,,,,,,,,0,
2016-06-20 0:00:00,,72.1,,,,,-999.9,,,,,,,,0,
2016-06-21 0:00:00,,72.1,,,,,-999.9,,,,,,,,0,
2016-06-22 0:00:00,,72.1,,,,,-999.9,,,,,,,,0,
2016-06-23 0:00:00,,72.1,,,,,-999.9,,,,,,,,0,
2016-06-24 0:00:00,,72.1,,,,,-999.9,,,,,,,,0,
2016-06-25 0:00:00,,72.1,,,,,-999.9,,,,,,,,0,
2016-06-26 0:00:00,,72.1,,,,,-999.9,,,,,,,,0,
2016-06-27 0:00:00,,72.1,,,,,-999.9,,,,,,,,0,
2016-06-28 0:00:00,,72.1,,,,,-999.9,,,,,,,,0,
2016-06-29 0:00:00,,72.1,,,,,-999.9,,,,,,,,0,
2016-06-30 0:00:00,,72.1,,,,,-999.9,,,,,,,,0,
2016-07-01 0:00:00,,72.1,,,,,-999.9,,,,,,,,0,
2016-07-02 0:00:00,,72.1,,,,,-999.9,,,,,,,,0,
2016-07-03 0:00:00,,72.1,,,,,-999.9,,,,,,,,0,
2016-07-04 0:00:00,,72.1,,,,,-999.9,,,,,,,,0,
2016-07-05 0:00:00,,72.1,,,,,-999.9,,,,,,,,0,
2016-07-06 0:00:00,,72.1,,,,,-999.9,,,,,,,,0,
2016-07-07 0:00:00,,72.1,,,,,-999.9,,,,,,,,0,
2016-07-08 0:00:00,,72.1,,,,,-999.9,,,,,,,,0,
2016-07-09 0:00:00,,72.1,,,,,-999.9,,,,,,,,0,
2016-07-10 0:00:00,,72.1,,,,,-999.9,,,,,,,,0,
2016-07-11 0:00:00,,72.1,,,,,-999.9,,,,,,,,0,
2016-07-12 0:00:00,,72.1,,,,,-999.9,,,,,,,,0,
2016-07-13 0:00:00,,72.1,,,,,-999.9,,,,,,,,0,
2016-07-14 0:00:00,,72.1,,,,,-999.9,,,,,,,,0,
2016-07-15 0:00:00,,72.1,,,,,-999.9,,,,,,,,0,
2016-07-16 0:00:00,,72.1,,,,,-999.9,,,,,,,,0,
2016-07-17 0:00:00,,72.1,,,,,-999.9,,,,,,,,0,
2016-07-18 0:00:00,,72.1,,,,,-999.9,,,,,,,,0,
2016-07-19 0:00:00,,72.1,,,,,-999.9,,,,,,,,0,
2016-07-20 0:00:00,,72.1,,,,,-999.9,,,,,,,,0,
2016-07-21 0:00:00,,72.1,,,,,-999.9,,,,,,,,0,
2016-07-22 0:00:00,,72.1,,,,,-999.9,,,,,,,,0,
2016-07-23 0:00:00,,72.1,,,,,-999.9,,,,,,,,0,
2016-07-24 0:00:00,,72.1,,,,,-999.9,,,,,,,,0,
2016-07-25 0:00:00,,72.1,,,,,-999.9,,,,,,,,0,
2016-07-26 0:00:00,,72.1,,,,,-999.9,,,,,,,,0,
2016-07-27 0:00:00,,72.1,,,,,-999.9,,,,,,,,0,
2016-07-28 0:00:00,,72.1,,,,,-999.9,,,,,,,,0,
2016-07-29 0:00:00,,72.1,,,,,-999.9,,,,,,,,0,
2016-07-30 0:00:00,,72.1,,,,,-999.9,,,,,,,,0,
2016-07-31 0:00:00,,72.1,,,,,-999.9,,,,,,,,0,
2016-08-01 0:00:00,,72.1,,,,,-999.9,,,,,,,,0,
2016-08-02 0:00:00,,72.1,,,,,-999.9,,,,,,,,0,
2016-08-03 0:00:00,,72.1,,,,,-999.9,,,,,,,,0,
2016-08-04 0:00:00,,72.1,,,,,-999.9,,,,,,,,0,
2016-08-05 0:00:00,,72.1,,,,,-999.9,,,,,,,,0,
2016-08-06 0:00:00,,72.1,,,,,-999.9,,,,,,,,0,
2016-08-07 0:00:00,,72.1,,,,,-999.9,,,,,,,,0,
2016-08-08 0:00:00,,72.1,,,,,-999.9,,,,,,,,0,
2016-08-09 0:00:00,,72.1,,,,,-999.9,,,,,,,,0,
2016-08-10 0:00:00,,72.1,,,,,-999.9,,,,,,,,0,
2016-08-11 0:00:00,,72.1,,,,,-999.9,,,,,,,,0,
2016-08-12 0:00:00,,72.1,,,,,-999.9,,,,,,,,0,
2016-08-13 0:00:00,,72.1,,,,,-999.9,,,,,,,,0,
2016-08-14 0:00:00,,72.1,,,,,-999.9,,,,,,,,0,
2016-08-15 0:00:00,,72.1,,,,,-999.9,,,,,,,,0,
2016-08-16 0:00:00,,72.1,,,,,-999.9,,,,,,,,0,
2016-08-17 0:00:00,,72.1,,,,,-999.9,,,,,,,,0,
2016-08-18 0:00:00,,72.1,,,,,-999.9,,,,,,,,0,
2016-08-19 0:00:00,,72.1,,,,,-999.9,,,,,,,,0,
2016-08-20 0:00:00,,72.1,,,,,-999.9,,,,,,,,0,
2016-08-21 0:00:00,,72.1,,,,,-999.9,,,,,,,,0,
2016-08-22 0:00:00,,72.1,,,,,-999.9,,,,,,,,0,
2016-08-23 0:00:00,,72.1,,,,,-999.9,,,,,,,,0,
2016-08-24 0:00:00,,72.1,,,,,-999.9,,,,,,,,0,
2016-08-25 0:00:00,,72.1,,,,,-999.9,,,,,,,,0,
2016-08-26 0:00:00,,72.1,,,,,-999.9,,,,,,,,0,
2016-08-27 0:00:00,,72.1,,,,,-999.9,,,,,,,,0,
2016-08-28 0:00:00,,72.1,,,,,-999.9,,,,,,,,0,
2016-08-29 0:00:00,,72.1,,,,,-999.9,,,,,,,,0,
2016-08-30 0:00:00,,72.1,,,,,-999.9,,,,,,,,0,
2016-08-31 0:00:00,,72.1,,,,,-999.9,,,,,,,,0,
2016-09-01 0:00:00,,72.1,,,,,-999.9,,,,,,,,0,
2016-09-02 0:00:00,,72.1,,,,,-999.9,,,,,,,,0,
2016-09-03 0:00:00,,72.1,,,,,-999.9,,,,,,,,0,
2016-09-04 0:00:00,,72.1,,,,,-999.9,,,,,,,,0,
2016-09-05 0:00:00,,72.1,,,,,-999.9,,,,,,,,0,
2016-09-06 0:00:00,,72.1,,,,,-999.9,,,,,,,,0,
2016-09-07 0:00:00,,72.1,,,,,-999.9,,,,,,,,0,
2016-09-08 0:00:00,,72.1,,,,,-999.9,,,,,,,,0,
2016-09-09 0:00:00,,72.1,,,,,-999.9,,,,,,,,0,
2016-09-10 0:00:00,,72.1,,,,,-999.9,,,,,,,,0,
2016-09-11 0:00:00,,72.1,,,,,-999.9,,,,,,,,0,
2016-09-12 0:00:00,,72.1,,,,,-999.9,,,,,,,,0,
2016-09-13 0:00:00,,72.1,,,,,-999.9,,,,,,,,0,
2016-09-14 0:00:00,,72.1,,,,,-999.9,,,,,,,,0,
2016-09-15 0:00:00,,72.1,,,,,-999.9,,,,,,,,0,
2016-09-16 0:00:00,,72.1,,,,,-999.9,,,,,,,,0,
2016-09-17 0:00:00,,72.1,,,,,-999.9,,,,,,,,0,
2016-09-18 0:00:00,,72.1,,,,,-999.9,,,,,,,,0,
2016-09-19 0:00:00,,72.1,,,,,-999.9,,,,,,,,0,
2016-09-20 0:00:00,,72.1,,,,,-999.9,,,,,,,,0,
2016-09-21 0:00:00,,72.1,,,,,-999.9,,,,,,,,0,
2016-09-22 0:00:00,,72.1,,,,,-999.9,,,,,,,,0,
2016-09-23 0:00:00,,72.1,,,,,-999.9,,,,,,,,0,
2016-09-24 0:00:00,,72.1,,,,,-999.9,,,,,,,,0,
2016-09-25 0:00:00,,72.1,,,,,-999.9,,,,,,,,0,
2016-09-26 0:00:00,,72.1,,,,,-999.9,,,,,,,,0,
2016-09-27 0:00:00,,72.1,,,,,-999.9,,,,,,,,0,
2016-09-28 0:00:00,,72.1,,,,,-999.9,,,,,,,,0,
2016-09-29 0:00:00,,72.1,,,,,-999.9,,,,,,,,0,
2016-09-30 0:00:00,,72.1,,,,,-999.9,,,,,,,,0,
2016-10-01 0:00:00,,72.1,,,,,-999.9,,,,,,,,0,
2016-10-02 0:00:00,,72.1,,,,,-999.9,,,,,,,,,
2016-10-03 0:00:00,,72.1,,,,,-999.9,,,,,,,,,
2016-10-04 0:00:00,,72.1,,,,,-999.9,,,,,,,,,
2016-10-05 0:00:00,,72.1,,,,,-999.9,,,,,,,,,
2016-10-06 0:00:00,,72.1,,,,,-999.9,,,,,,,,,
2016-10-07 0:00:00,,72.1,,,,,-999.9,,,,,,,,,
2016-10-08 0:00:00,,72.1,,,,,-999.9,,,,,,,,,
2016-10-09 0:00:00,,72.1,,,,,-999.9,,,,,,,,,
2016-10-10 0:00:00,,72.1,,,,,-999.9,,,,,,,,,
2016-10-11 0:00:00,,72.1,,,,,-999.9,,,,,,,,,
2016-10-12 0:00:00,,72.1,,,,,-999.9,,,,,,,,,
2016-10-13 0:00:00,,72.1,,,,,-999.9,,,,,,,,,
2016-10-14 0:00:00,,72.1,,,,,-999.9,,,,,,,,,
2016-10-15 0:00:00,,72.1,,,,,-999.9,,,,,,,,,
2016-10-16 0:00:00,,72.1,,,,,-999.9,,,,,,,,,
2016-10-17 0:00:00,,72.1,,,,,-999.9,,,,,,,,,
2016-10-18 0:00:00,,72.1,,,,,-999.9,,,,,,,,,
2016-10-19 0:00:00,,72.1,,,,,-999.9,,,,,,,,,
2016-10-20 0:00:00,,72.1,,,,,-999.9,,,,,,,,,
2016-10-21 0:00:00,,72.1,,,,,-999.9,,,,,,,,,
2016-10-22 0:00:00,,72.1,,,,,-999.9,,,,,,,,,
2016-10-23 0:00:00,,72.1,,,,,-999.9,,,,,,,,,
2016-10-24 0:00:00,,72.1,,,,,-999.9,,,,,,,,,
2016-10-25 0:00:00,,72.1,,,,,-999.9,,,,,,,,,
2016-10-26 0:00:00,,72.1,,,,,-999.9,,,,,,,,,
2016-10-27 0:00:00,,72.1,,,,,-999.9,,,,,,,,,
2016-10-28 0:00:00,,72.1,,,,,-999.9,,,,,,,,,
2016-10-29 0:00:00,,72.1,,,,,-999.9,,,,,,,,,
2016-10-30 0:00:00,,72.1,,,,,-999.9,,,,,,,,,
2016-10-31 0:00:00,,72.1,,,,,-999.9,,,,,,,,,
2016-11-01 0:00:00,,72.1,,,,,-999.9,,,,,,,,,
2016-11-02 0:00:00,,72.1,,,,,-999.9,,,,,,,,,
2016-11-03 0:00:00,,72.1,,,,,-999.9,,,,,,,,,
2016-11-04 0:00:00,,72.1,,,,,-999.9,,,,,,,,,
2016-11-05 0:00:00,,72.1,,,,,-999.9,,,,,,,,,
2016-11-06 0:00:00,,72.1,,,,,-385.2,,,,,,,,,
2016-11-07 0:00:00,,72.1,,,,,51.7,,,,,,,,,
2016-11-08 0:00:00,,72.1,,,,,46.5,,,,,,,,,
2016-11-09 0:00:00,,72.1,,,,,50.7,,,,,,,,,
2016-11-10 0:00:00,,72.1,,,,,46.1,,,,,,,,,
2016-11-14 0:00:00,,72.1,,,,,44.9,,,,,,,,,
2016-11-15 0:00:00,,72.1,,,,,46.6,,,,,,,,,
2016-11-16 0:00:00,,72.1,,,,,48.9,,,,,,,,,
2016-11-17 0:00:00,,72.1,,,,,48,,,,,,,,,
2016-11-18 0:00:00,,72.1,,,,,48.6,,,,,,,,,
2016-11-19 0:00:00,,72.1,,,,,51.6,,,,,,,,,
2016-11-20 0:00:00,,72.1,,,,,40.9,,,,,,,,,
2016-11-21 0:00:00,,72.1,,,,,45.2,,,,,,,,,
2016-11-22 0:00:00,,72.1,,,,,47,,,,,,,,,
2016-11-23 0:00:00,,72.1,,,,,45.4,,,,,,,,,
2016-11-24 0:00:00,,72.1,,,,,47.6,,,,,,,,,
2016-11-25 0:00:00,,72.1,,,,,49.6,,,,,,,,,
2016-11-26 0:00:00,,72.1,,,,,45.5,,,,,,,,,
2016-11-27 0:00:00,,72.1,,,,,42.1,,,,,,,,,
2016-11-28 0:00:00,,72.1,,,,,44.1,,,,,,,,,
2016-11-29 0:00:00,,72.1,,,,,57.7,,,,,,,,,
2016-11-30 0:00:00,,72.1,,,,,62.2,,,,,,,,,
2016-12-01 0:00:00,,72.1,,,,,43.4,,,,,,,,,
2016-12-02 0:00:00,,72.1,,,,,36.2,,,,,,,,,
2016-12-03 0:00:00,,72.1,,,,,38.8,,,,,,,,,
2016-12-04 0:00:00,,72.1,,,,,40.7,,,,,,,,,
2016-12-05 0:00:00,,72.1,,,,,41.2,,,,,,,,,
2016-12-06 0:00:00,,72.1,,,,,45.9,,,,,,,,,
2016-12-07 0:00:00,,72.1,,,,,43.8,,,,,,,,,
2016-12-08 0:00:00,,72.1,,,,,41.3,,,,,,,,,
2016-12-09 0:00:00,,72.1,,,,,29.1,,,,,,,,,
2016-12-10 0:00:00,,72.1,,,,,22.2,,,,,,,,,
2016-12-11 0:00:00,,72.1,,,,,30,,,,,,,,,
2016-12-12 0:00:00,,72.1,,,,,42,,,,,,,,,
2016-12-13 0:00:00,,72.1,,,,,38.1,,,,,,,,,
2016-12-14 0:00:00,,72.1,,,,,40.8,,,,,,,,,
2016-12-15 0:00:00,,72.1,,,,,33.3,,,,,,,,,
2016-12-16 0:00:00,,72.1,,,,,24.8,,,,,,,,,
2016-12-17 0:00:00,,72.1,,,,,29.6,,,,,,,,,
2016-12-18 0:00:00,,72.1,,,,,53,,,,,,,,,
2016-12-19 0:00:00,,72.1,,,,,37.6,,,,,,,,,
2016-12-20 0:00:00,,72.1,,,,,36.3,,,,,,,,,
2016-12-21 0:00:00,,72.1,,,,,36.5,,,,,,,,,
2016-12-22 0:00:00,,72.1,,,,,49.2,,,,,,,,,
2016-12-23 0:00:00,,72.1,,,,,41.2,,,,,,,,,
2016-12-24 0:00:00,,72.1,,,,,42.7,,,,,,,,,
2016-12-25 0:00:00,,72.1,,,,,48,,,,,,,,,
2016-12-26 0:00:00,,72.1,,,,,52.3,,,,,,,,,
2016-12-27 0:00:00,,72.1,,,,,53.1,,,,,,,,,
2016-12-28 0:00:00,,72.1,,,,,44.8,,,,,,,,,
2016-12-29 0:00:00,,72.1,,,,,45.6,,,,,,,,,
2016-12-30 0:00:00,,72.1,,,,,38.6,,,,,,,,,
2016-12-31 0:00:00,,72.1,,,,,42.6,,,,,,,,,
2017-01-01 0:00:00,,72.1,,,,,42.6,,,,,,,,,
2017-01-02 0:00:00,,72.1,,,,,42.6,,,,,,,,,
2017-01-03 0:00:00,,72.1,,,,,42.6,,,,,,,,,
2017-01-04 0:00:00,,72.1,,,,,42.6,,,,,,,,,
2017-01-05 0:00:00,,72.1,,,,,42.6,,,,,,,,,
2017-01-06 0:00:00,,72.1,,,,,42.5,,,,,,,,,
2017-01-07 0:00:00,,72.1,,,,,42.6,,,,,,,,,
2017-01-08 0:00:00,,72.1,,,,,42.6,,,,,,,,,
2017-01-09 0:00:00,,72.1,,,,,42.6,,,,,,,,,
2017-01-10 0:00:00,,72.1,,,,,42.6,,,,,,,,,
2017-01-11 0:00:00,,72.1,,,,,42.6,,,,,,,,,
2017-01-12 0:00:00,,72.1,,,,,42.6,,,,,,,,,
2017-01-13 0:00:00,,72.1,,,,,43,,,,,,,,,
2017-01-14 0:00:00,,72.1,,,,,51.8,,,,,,,,,
2017-01-15 0:00:00,,72.1,,,,,54.9,,,,,,,,,
2017-01-16 0:00:00,,72.1,,,,,53.7,,,,,,,,,
2017-01-17 0:00:00,,72.1,,,,,50.8,,,,,,,,,
2017-01-18 0:00:00,,72.1,,,,,58.7,,,,,,,,,
2017-01-19 0:00:00,,72.1,,,,,48,,,,,,,,,
2017-01-20 0:00:00,,72.1,,,,,48.4,,,,,,,,,
2017-01-21 0:00:00,,72.1,,,,,53.6,,,,,,,,,
2017-01-22 0:00:00,,72.1,,,,,51.8,,,,,,,,,
2017-01-23 0:00:00,,72.1,,,,,44.1,,,,,,,,,
2017-01-24 0:00:00,,72.1,,,,,41.5,,,,,,,,,
2017-01-25 0:00:00,,72.1,,,,,38.2,,,,,,,,,
2017-01-26 0:00:00,,72.1,,,,,50.5,,,,,,,,,
2017-01-27 0:00:00,,72.1,,,,,36.6,,,,,,,,,
2017-01-28 0:00:00,,72.1,,,,,30.9,,,,,,,,,
2017-01-29 0:00:00,,72.1,,,,,34.1,,,,,,,,,
2017-01-30 0:00:00,,72.1,,,,,30.4,,,,,,,,,
2017-01-31 0:00:00,,72.1,,,,,34.7,,,,,,,,,
2017-02-01 0:00:00,,72.1,,,,,28.5,,,,,,,,,
2017-02-02 0:00:00,,72.1,,,,,28.6,,,,,,,,,
2017-02-03 0:00:00,,72.1,,,,,28.7,,,,,,,,,
2017-02-04 0:00:00,,72.1,,,,,26.6,,,,,,,,,
2017-02-05 0:00:00,,72.1,,,,,31.7,,,,,,,,,
2017-02-06 0:00:00,,72.1,,,,,36.5,,,,,,,,,
2017-02-07 0:00:00,,72.1,,,,,49.7,,,,,,,,,
2017-02-08 0:00:00,,72.1,,,,,48.5,,,,,,,,,
2017-02-09 0:00:00,,72.1,,,,,47.6,,,,,,,,,
2017-02-10 0:00:00,,72.1,,,,,,,,,,,,,,
2017-02-11 0:00:00,,72.1,,,,,,,,,,,,,,
2017-02-12 0:00:00,,72.1,,,,,,,,,,,,,,
2017-02-13 0:00:00,,72.1,,,,,,,,,,,,,,
2017-02-14 0:00:00,,72.1,,,,,,,,,,,,,,
2017-02-15 0:00:00,,72.1,,,,,51.9,,,,,,,,,
2017-02-16 0:00:00,,72.1,,,,,33,,,,,,,,,
2017-02-17 0:00:00,,72.1,,,,,39.8,,,,,,,,,
2017-02-18 0:00:00,,72.1,,,,,47.8,,,,,,,,,
2017-02-19 0:00:00,,72.1,,,,,47.3,,,,,,,,,
2017-02-20 0:00:00,,72.1,,,,,44.3,,,,,,,,,
2017-02-21 0:00:00,,72.1,,,,,42.8,,,,,,,,,
2017-02-22 0:00:00,,72.1,,,,,42.8,,,,,,,,,
2017-02-23 0:00:00,,72.1,,,,,42.8,,,,,,,,,
2017-02-24 0:00:00,,72.1,,,,,42.8,,,,,,,,,
2017-04-15 0:00:00,89.912,75.9,46.4,67.2,50.8,162,65.9,,,,,,,,0.97,
2017-04-16 0:00:00,89.428,,,65,60.4,9240,65,,,,,,,,,
2017-04-17 0:00:00,90.432,,,64.5,65.1,7058,64.5,,,,,,,,,
2017-04-18 0:00:00,92.674,,,61.7,85.5,2491,59.9,,,,,,,,,
2017-04-19 0:00:00,91.733,,,62.8,81.1,3973,60.9,,,,,,,,,
2017-04-20 0:00:00,90.074,,,65.2,80,8118,64.1,,,,,,,,,
2017-04-21 0:00:00,106.797,,,67.6,78,7930,68,,,,,,,,,
2017-04-22 0:00:00,101.327,,,67,67.7,5512,65.6,,,,,,,,,
2017-04-23 0:00:00,102.573,,,55.9,89.2,681,52.9,,,,,,,,,
2017-04-24 0:00:00,102.559,,,56.6,87.5,2608,55.3,,,,,,,,,
2017-04-25 0:00:00,101.931,92.3,4.9,63.6,75.5,11429,62.7,,,,,,,,,
2017-04-26 0:00:00,98.741,91.2,4.2,66.2,66.6,12069,65.2,,,,,,,,,
2017-04-27 0:00:00,97.155,91,4.5,62.4,83.7,1139,61.1,,,,,,,,,
2017-04-28 0:00:00,99.696,92.2,6.5,66.3,80.6,8821,65.2,,,,,,,,,
2017-04-29 0:00:00,100.347,92.7,10.2,71.5,76.3,8214,69.7,,,,,,,,,
2017-04-30 0:00:00,102.266,92.5,10.6,71.5,75.1,6556,69.1,,,,,,,,,
2017-05-01 0:00:00,104.318,92,6.9,58.3,67.7,2190,63.8,,,,,,,,,
2017-05-02 0:00:00,98.748,92.2,3.3,62,48.5,12251,62.2,,,,,,,,,
2017-05-03 0:00:00,96.11,92.9,3,61.5,58.7,12473,64.3,,,,,,,,,
2017-05-04 0:00:00,104.293,92.9,7.6,61.8,71.9,2391,61,,,,,,,,,
2017-05-05 0:00:00,104.463,92.6,7.8,52.4,80.6,3166,50.1,,,,,,,,,
2017-05-06 0:00:00,103.019,91.9,3.9,51.1,63.8,8025,51.1,,,,,,,,,
2017-05-07 0:00:00,101.809,92.8,6.5,51.7,61.6,9852,52.9,,,,,,,,,
2017-05-08 0:00:00,101.144,92.6,5.3,60.6,48.9,10016,59.8,,,,,,,,,
2017-05-09 0:00:00,104.068,93.2,6.5,65.5,55.5,9910,67.1,,,,,,,,,
2017-05-10 0:00:00,106.259,93.1,6.9,60.8,66.5,10033,72,,,,,,,,,
2017-05-11 0:00:00,107.621,93.2,7,62.4,66.5,4183,70.8,,,,,,,,,
2017-05-12 0:00:00,109.772,93,7.2,63.8,73,5724,66.9,,,,,,,,,
2017-05-13 0:00:00,110.714,92.9,7.1,64.6,79.9,3692,61.2,,,,,,,,,
2017-05-14 0:00:00,108.003,93.1,7.1,56.6,75.1,10582,63.9,,,,,,,,,
2017-05-15 0:00:00,111.579,92.7,5.9,59.9,67.4,10570,68.7,,,,,,,,,
2017-05-16 0:00:00,114.262,92.4,5,62.6,66,10593,70.7,,,,,,,,,
2017-05-17 0:00:00,121.396,92.7,5.2,68.7,60.9,10543,71,,,,,,,,,
2017-05-18 0:00:00,132.564,92.8,6,70.6,66.9,6985,69.9,,,,,,,,,
2017-05-19 0:00:00,135.474,92.9,7.8,73.5,68.6,8015,70.4,,,,,,,,,
2017-05-20 0:00:00,136.396,92.9,12.3,74.4,64.7,8454,71.3,,,,,,,,,
2017-05-21 0:00:00,140.096,92.8,8.9,64.9,88.1,1459,63.8,,,,,,,,,
2017-05-22 0:00:00,139.568,92.9,8.7,67.1,89.6,4367,65,,,,,,,,,
2017-05-23 0:00:00,139.617,92.7,10.4,65.4,90.5,1711,62.8,,,,,,,,,
2017-05-24 0:00:00,139.117,92.6,10.5,62,93.1,2936,60.9,,,,,,,,,
2017-05-25 0:00:00,138.457,92.1,8.4,,,3557,57.1,,,,,,,,,
2017-05-26 0:00:00,136.497,92.8,8,56.4,86,11015,64.6,,,,,,,,,
2017-05-27 0:00:00,135.503,92.9,9.7,60,84.9,5619,68.7,,,,,,,,,
2017-05-28 0:00:00,135.289,92.7,11.4,65.4,90.6,5182,68.6,,,,,,,,,
2017-05-29 0:00:00,134.893,92.7,11.2,,,7637,67.8,,,,,,,,,
2017-05-30 0:00:00,134.705,92.8,11.6,,,6571,66.3,,,,,,,,,
2017-05-31 0:00:00,133.932,92.9,11.6,61.1,85.4,8902,68.8,,,,,,,,,
2017-06-01 0:00:00,133.431,92.6,10.7,,,6554,67.6,,,,,,,,,
2017-06-02 0:00:00,133.147,92.6,9.8,,,9898,69.3,,,,,,,,,
2017-06-03 0:00:00,132.476,92.6,10.2,,,7144,69,,,,,,,,,
2017-06-04 0:00:00,133.238,92.6,10.6,,,2934,67.3,,,,,,,,,
2017-06-05 0:00:00,133.054,92.9,12,,,3790,68.5,,,,,,,,,
2017-06-06 0:00:00,131.52,92.2,11.6,72.7,71.7,4529,69.8,,,,,,,,,
2017-06-07 0:00:00,130.711,89.5,10.7,70.2,67.5,7694,66.7,,,,,,,,,
2017-06-08 0:00:00,129.962,89.3,10.3,66.1,73.7,4413,63.9,,,,,,,,,
2017-06-09 0:00:00,129.15,88.7,9.1,68,64.7,7943,65.7,,,,,,,,,
2017-06-10 0:00:00,129.454,87.6,8.8,69.2,63.3,9298,68.5,,,,,,,,,
2017-06-11 0:00:00,132.415,83.9,8.9,67.7,70,6874,70.5,,,,,,,,,
2017-06-12 0:00:00,133.077,89.3,8.2,73.7,70.2,4517,72.7,,,,,,,,,
2017-06-13 0:00:00,133.378,90,8.4,74.1,69.6,8862,70.4,,,,,,,,,
2017-06-14 0:00:00,133.628,90.3,7.9,76.8,73.1,10728,71.5,,,,,,,,,
2017-06-15 0:00:00,133.308,90.6,7.7,71.2,82.4,10430,71.3,,,,,,,,,
2017-06-16 0:00:00,132.812,90.6,7.4,77.1,69.2,6233,70.7,,,,,,,,,
2017-06-17 0:00:00,132.705,90.5,7.3,76.7,75.1,9382,70.8,,,,,,,,,
2017-06-18 0:00:00,132.557,90.7,7.2,75.2,78.4,4002,70.7,,,,,,,,,
2017-06-19 0:00:00,132.356,90.7,7.3,72.7,83.5,3190,71.2,,,,,,,,,
2017-06-20 0:00:00,128.608,90.6,7,,,4639,69.4,,,,,,,,,
2017-06-21 0:00:00,119.354,90.2,6.9,,,8,69.5,,,,,,,,,
2017-06-22 0:00:00,120.092,89.7,6.8,,,6,68.3,,,,,,,,,
2017-06-23 0:00:00,119.546,91.5,7.7,,,61,73.3,,,,,,,,,
2017-06-24 0:00:00,115.316,91.4,7.9,,,24,72,,,,,,,,,
2017-06-25 0:00:00,112.184,89.7,7,,,17,67.9,,,,,,,,,
2017-06-26 0:00:00,110.492,89.1,5.7,70.2,58,57,67.9,,,,,,,,,
2017-06-27 0:00:00,78.126,88.1,4.9,66,64.2,14739,65.7,,,,,,,,,
2017-06-28 0:00:00,116.882,87.9,4.7,76.8,51.2,17381,67,,,,,,,,,
2017-06-29 0:00:00,115.909,89.6,4.7,70.1,74.6,14344,70.3,,,,,,,,,
2017-06-30 0:00:00,118.554,88.8,5.2,,,4927,68.2,,,,,,,,,
2017-07-01 0:00:00,118.089,90.2,6.3,,,16629,72.6,,,,,,,,,
2017-07-02 0:00:00,119.431,89.5,7.7,,,13387,72.9,,,,,,,,,
2017-07-03 0:00:00,118.709,90.5,7.9,,,9225,71.3,,,,,,,,,
2017-07-04 0:00:00,119.068,89.8,8.6,,,7747,71.4,,,,,,,,,
2017-07-05 0:00:00,119.251,89.6,9.4,,,11265,74,,,,,,,,,
2017-07-06 0:00:00,119.183,91.1,9.9,,,10326,72.5,,,,,,,,,
2017-07-07 0:00:00,127.801,92.3,11.1,,,7892,75.4,,,,,,,,,
2017-07-08 0:00:00,129.989,90.7,11.9,73.1,69.7,11289,73,,,,,,,,,
2017-07-09 0:00:00,132.438,90.6,10.8,73.4,77.3,9210,71.5,,,,,,,,,
2017-07-10 0:00:00,135.134,91.1,9.8,75.1,70.1,11978,74,,,,,,,,,
2017-07-11 0:00:00,138.525,91.9,9.5,78.2,68,12456,76,,,,,,,,,
2017-07-12 0:00:00,142.78,92.3,9.9,79.4,70.1,11745,75.2,,,,,,,,,
2017-07-13 0:00:00,147.928,92.8,10.6,79.4,69.5,10581,77.1,,,,,,,,,
2017-07-14 0:00:00,151.85,93.1,11.1,78.5,70.7,10613,75.4,,,,,,,,,
2017-07-15 0:00:00,154.538,91.5,11.2,72.8,88.2,4800,72.4,,,,,,,,,
2017-07-16 0:00:00,155.205,91.4,10.5,73.4,88.8,10930,72.5,,,,,,,,,
2017-07-17 0:00:00,156.013,90,10.3,73.1,84.3,7022,70.1,,,,,,,,,
2017-07-18 0:00:00,156.368,90.3,9.9,76.2,72.8,12501,73.3,,,,,,,,,
2017-07-19 0:00:00,156.79,89.8,9.3,76.4,71.6,11771,75,,,,,,,,,
2017-07-20 0:00:00,157.145,89.9,8.9,78.2,66.9,11128,76.4,,,,,,,,,
2017-07-21 0:00:00,157.198,90.1,8.9,78.9,68.8,0,78.1,,,,,,,,,
2017-07-22 0:00:00,157.193,90.4,9.1,80.2,69.8,0,78.1,,,,,,,,,
2017-07-23 0:00:00,157.565,89.3,9.3,74.8,84.9,708,75.2,,,,,,,,,
2017-07-24 0:00:00,157.129,89.9,9,76.9,76,9773,75,,,,,,,,,
2017-07-25 0:00:00,156.044,90.3,9.3,78.3,68.2,11145,77,,,,,,,,,
2017-07-26 0:00:00,155.711,90.5,9.2,77,74.2,9047,75,,,,,,,,,
2017-07-27 0:00:00,155.468,91,9.5,77.4,75.2,8783,74.1,,,,,,,,,
2017-07-28 0:00:00,155.628,89.7,10,72.7,88.4,2853,70.9,,,,,,,,,
2017-07-29 0:00:00,155.32,90.1,10.2,75,72.1,12460,74,,,,,,,,,
2017-07-30 0:00:00,154.342,88.4,9.4,72.7,65.6,11996,70.9,,,,,,,,,
2017-07-31 0:00:00,153.638,87.7,9.3,72.6,60.7,13228,69.7,,,,,,,,,
2017-08-01 0:00:00,153.172,86.9,8.9,70.4,67.5,10952,68.2,,,,,,,,,
2017-08-02 0:00:00,152.741,87.5,8.7,71.8,70.4,4720,70.1,,,,,,,,,
2017-08-03 0:00:00,152.316,87.2,8.6,72.4,67.1,8391,70,,,,,,,,,
2017-08-04 0:00:00,151.942,86.6,8.7,72.5,69.8,9224,70.8,,,,,,,,,
2017-08-05 0:00:00,151.589,87.7,8.4,73,68.5,12247,71.5,,,,,,,,,
2017-08-06 0:00:00,150.991,84.8,8.1,70.9,67.2,12403,69.5,,,,,,,,,
2017-08-07 0:00:00,152.879,88.2,10.3,71,96.8,3591,69.2,,,,,,,,,
2017-08-08 0:00:00,153.283,89,11.8,70.9,97.5,6100,69.7,,,,,,,,,
2017-08-09 0:00:00,152.642,88.7,10.5,70.5,91.4,11158,69.8,,,,,,,,,
2017-08-10 0:00:00,152.528,87.6,10.1,69.2,96.3,2177,66.8,,,,,,,,,
2017-08-11 0:00:00,152.529,89.2,10.6,72.4,80,7076,71.3,,,,,,,,,
2017-08-12 0:00:00,152.177,90,10.3,74.4,50.3,9862,74.4,,,,,,,,,
2017-08-13 0:00:00,151.131,89.7,9.6,74.9,17.5,8440,74.6,,,,,,,,,
2017-08-14 0:00:00,150.537,89.8,10.4,75.8,16.7,7439,73.9,,,,,,,,,
2017-08-15 0:00:00,150.45,89.8,10.1,75,35,6741,75,,,,,,,,,
2017-08-16 0:00:00,149.677,89.4,9.7,75.5,64,11370,75.3,,,,,,,,,
2017-08-17 0:00:00,148.932,90.2,9.4,77.4,76.2,10839,76.1,,,,,,,,,
2017-08-18 0:00:00,147.985,89.8,8.3,76.8,54.7,8551,76.5,,,,,,,,,
2017-08-19 0:00:00,147.168,88.9,7.3,74.7,66.6,13654,74.1,,,,,,,,,
2017-08-20 0:00:00,146.501,88.9,7.1,75.7,66.6,13114,74.1,,,,,,,,,
2017-08-21 0:00:00,146.042,89,7.1,75.7,68.3,12458,74.2,,,,,,,,,
2017-08-22 0:00:00,145.48,89.6,7.4,77.5,66.9,11764,74.7,,,,,,,,,
2017-08-23 0:00:00,144.854,88.9,7.4,76.2,65.9,11602,74.7,,,,,,,,,
2017-08-24 0:00:00,144.267,87.5,6.4,75.4,61.8,13438,74.5,,,,,,,,,
2017-08-25 0:00:00,143.891,87.1,6.1,72.8,67.2,10274,70.9,,,,,,,,,
2017-08-26 0:00:00,143.629,87.8,5.9,74.3,69.1,8673,72.5,,,,,,,,,
2017-08-27 0:00:00,143.407,87.4,6.2,73.2,66.6,4930,71.5,,,,,,,,,
2017-08-28 0:00:00,125.509,87.2,6.9,67.5,67.8,6246,65.9,,,,,,,,,
2017-08-29 0:00:00,115.343,88.1,6.9,71,70.7,10652,68.4,,,,,,,,,
2017-08-30 0:00:00,115.516,86.1,7.4,68.5,82.4,3461,65,,,,,,,,,
2017-08-31 0:00:00,116.471,85.2,8.5,67.6,97,2208,65.9,,,,,,,,,
2017-09-01 0:00:00,116.828,88.5,9.8,68.6,93.3,4253,67.6,,,,,,,,,
2017-09-02 0:00:00,116.106,85.8,7.8,65.7,86.7,13022,64.8,,,,,,,,,
2017-09-03 0:00:00,115.361,83.6,6.7,65.8,90.5,14041,64.5,,,,,,,,,
2017-09-04 0:00:00,114.626,83.5,6.4,65.8,91.3,14972,66.4,,,,,,,,,
2017-09-05 0:00:00,114.481,83.8,8.5,66.5,95.8,11577,65.6,,,,,,,,,
2017-09-06 0:00:00,115.543,81.9,9.5,63.7,99.9,3850,61,,,,,,,,,
2017-09-07 0:00:00,114.992,79,9.4,60.4,80.7,12386,57.9,,,,,,,,,
2017-09-08 0:00:00,114.327,79.8,9.6,61.3,81.8,14545,59.6,,,,,,,,,
2017-09-09 0:00:00,108.581,83.4,9.9,62.9,18.8,14606,61.3,,,,,,,,,
2017-09-10 0:00:00,102.473,83,8.9,59.9,15.3,11781,59,,,,,,,,,
2017-09-11 0:00:00,113.259,79.4,8.3,57.1,5.6,910,56,,,,,,,,,
2017-09-12 0:00:00,113.914,82.2,8.5,60.4,76.6,0,59.6,,,,,,,,,
2017-09-14 0:00:00,111.763,91.3,9.9,62.1,99.9,57,61.9,,,,,,,,,
2017-09-15 0:00:00,111.044,89.5,9.9,64.4,99.9,8473,64.7,,,,,,,,,
2017-09-16 0:00:00,109.703,89.4,9.8,66.5,99.9,13084,67.1,,,,,,,,,
2017-09-17 0:00:00,72.918,88,10.9,67.7,99.9,12602,68.6,,,,,,,,,
2017-09-18 0:00:00,55.56,,,66.5,99.9,12406,68.5,,,,,,,,,
2017-09-19 0:00:00,55.09,,,66.1,99.9,8269,67.8,,,,,,,,,
2017-09-20 0:00:00,56.065,,,67.8,99.9,10921,68.7,,,,,,,,,
2017-09-21 0:00:00,60.136,,,67.3,99.9,13707,68.3,,,,,,,,,
2017-09-22 0:00:00,61.011,,,68.5,59.2,11284,68.7,,,,,,,,,
2017-09-23 0:00:00,60.315,,,69.9,99.8,12688,73.8,,,,,,,,,
2017-09-24 0:00:00,59.725,,,67.8,99.9,10555,80.7,,,,,,,,,
2017-09-25 0:00:00,59.261,,,68.1,99.9,9387,77.9,,,,,,,,,
2017-09-26 0:00:00,58.792,,,68.4,99.9,14725,69.8,,,,,,,,,
2017-09-27 0:00:00,58.479,,,68.1,99.9,12944,71.5,,,,,,,,,
2017-09-28 0:00:00,62.723,,,68,30.1,12685,73.1,,,,,,,,,
2017-09-29 0:00:00,68.434,,,68.3,8.9,11789,70.3,,,,,,,,,
2017-09-30 0:00:00,66.321,,,67,1.4,12168,67.3,,,,,,,,,
2017-10-01 0:00:00,64.527,,,58.9,1.4,12342,58.6,,,,,,,,,
2017-10-02 0:00:00,63.317,,,57.8,6.2,11902,57.2,,,,,,,,,
2017-10-03 0:00:00,62.358,,,60.5,6.5,9239,61.4,,,,,,,,,
2017-10-04 0:00:00,61.989,,,60.3,10.6,11927,61.7,,,,,,,,,
2017-10-05 0:00:00,61.621,,,59.7,9.6,11497,60.8,,,,,,,,,
2017-10-06 0:00:00,61.455,,,61,11,10659,63.8,,,,,,,,,
2017-10-07 0:00:00,61.862,,,66.7,70.1,2969,67.8,,,,,,,,,
2017-10-08 0:00:00,62.797,,,68.7,99.9,920,68.1,,,,,,,,,
2017-10-09 0:00:00,62.757,,,70.5,5.2,3308,71,,,,,,,,,
2017-10-10 0:00:00,62.648,,,72.1,2.1,5341,72.5,,,,,,,,,
2017-10-11 0:00:00,62.316,,,70.2,10.6,6417,71.7,,,,,,,,,
2017-10-12 0:00:00,61.858,,,67.7,2.8,7987,69.1,,,,,,,,,
2017-10-13 0:00:00,61.483,,,66.5,1.4,7342,66.9,,,,,,,,,
2017-10-14 0:00:00,61.286,,,68.1,1.4,8230,67.8,,,,,,,,,
2017-10-15 0:00:00,61.017,,,67.3,1.4,7044,66.5,,,,,,,,,
2017-10-16 0:00:00,61.304,,,63.1,1.4,8798,59.9,,,,,,,,,
2017-10-17 0:00:00,60.915,,,54.2,1.4,11122,50.2,,,,,,,,,
2017-10-18 0:00:00,60.515,,,53.6,1.4,9454,50.5,,,,,,,,,
2017-10-19 0:00:00,60.178,,,53.8,1.4,10394,52.8,,,,,,,,,
2017-10-20 0:00:00,59.809,,,54.8,1.4,10529,57.2,,,,,,,,,
2017-10-21 0:00:00,59.541,,,54.9,1.4,9764,56.8,,,,,,,,,
2017-10-22 0:00:00,59.466,,,57.2,1.4,4148,58.9,,,,,,,,,
2017-10-23 0:00:00,60.119,,,61,1.4,1688,61.1,,,,,,,,,
2017-10-24 0:00:00,59.684,,,53.5,1.4,8971,51.1,,,,,,,,,
2017-10-25 0:00:00,59.429,,,47.3,19.2,5011,45,,,,,,,,,
2017-10-26 0:00:00,59.134,,,48,93.2,9797,47.8,,,,,,,,,
2017-10-27 0:00:00,58.739,,,44.1,83.7,9631,52.8,,,,,,,,,
2017-10-28 0:00:00,59.158,,,,,449,52,,,,,,,,,
2017-10-29 0:00:00,59.345,,,,,5922,39.7,,,,,,,,,
2017-10-30 0:00:00,-2.101,,,,,10070,43.9,,,,,,,,,
2017-10-31 0:00:00,-33.379,,,,,10420,52,,,,,,,,,
2017-11-01 0:00:00,-33.371,,,,,7042,53.4,,,,,,,,,
2017-11-02 0:00:00,-33.355,,,,,9209,59.1,,,,,,,,,
2017-11-03 0:00:00,-33.352,,,,,8567,61.8,,,,,,,,,
2017-11-04 0:00:00,-33.35,,,,,7024,62,,,,,,,,,
2017-11-05 0:00:00,-33.347,,,,,2563,59.8,,,,,,,,,
2017-11-06 0:00:00,-33.35,,,,,2866,61.8,,,,,,,,,
2017-11-07 0:00:00,-33.357,,,,,814,58.1,,,,,,,,,
2017-11-08 0:00:00,-33.365,,,,,1209,51.5,,,,,,,,,
2017-11-09 0:00:00,-33.376,,,,,2682,46.6,,,,,,,,,
2017-11-10 0:00:00,-33.388,,,,,9610,47.9,,,,,,,,,
2017-11-11 0:00:00,-33.387,,,,,6008,42.1,,,,,,,,,
2017-11-12 0:00:00,-33.383,,,,,1148,43.7,,,,,,,,,
2017-11-13 0:00:00,-33.373,,,,,9156,52,,,,,,,,,
2017-11-14 0:00:00,-33.385,,,,,5905,46.3,,,,,,,,,
2017-11-15 0:00:00,-33.381,,,,,8006,46.4,,,,,,,,,
2017-11-16 0:00:00,-33.38,,,,,9184,52.9,,,,,,,,,
2017-11-17 0:00:00,-33.391,,,,,9013,47.8,,,,,,,,,
2017-11-18 0:00:00,-33.388,,,,,1055,47.6,,,,,,,,,
2017-11-19 0:00:00,-33.39,,,43.9,1.4,9012,43.4,,,,,,,,,
2017-11-20 0:00:00,-33.399,,,44,1.4,8489,39.7,,,,,,,,,
2017-11-21 0:00:00,-33.39,,,,,2321,47.9,,,,,,,,,
2017-11-22 0:00:00,-33.387,,,44.3,1.4,8857,48.9,,,,,,,,,
2017-11-23 0:00:00,-33.399,,,44.3,1.4,600,41.8,,,,,,,,,
2017-11-24 0:00:00,-33.398,,,45,1.4,5233,43.7,,,,,,,,,
2017-11-25 0:00:00,-33.391,,,,,3045,48.9,,,,,,,,,
2017-11-26 0:00:00,-33.382,,,45.5,1.4,9069,49,,,,,,,,,
2017-11-27 0:00:00,-33.395,,,,,8717,45,,,,,,,,,
2017-11-28 0:00:00,-33.396,,,41.4,1.4,8558,44.4,,,,,,,,,
2017-11-29 0:00:00,-33.39,,,48,1.4,8952,49.3,,,,,,,,,
2017-11-30 0:00:00,-33.373,,,,,7123,52.5,,,,,,,,,
2017-12-01 0:00:00,-33.362,,,50.3,1.4,4914,55,,,,,,,,,
2017-12-02 0:00:00,-33.368,,,,,123,53.9,,,,,,,,,
2017-12-03 0:00:00,-33.375,,,46.7,1.4,263,50.1,,,,,,,,,
2017-12-04 0:00:00,-33.385,,,46.4,1.4,144,48.3,,,,,,,,,
2017-12-05 0:00:00,-33.37,,,,,281,50.7,,,,,,,,,
2017-12-06 0:00:00,-33.387,,,,,295,43.6,,,,,,,,,
2017-12-07 0:00:00,-33.389,,,,,227,40.9,,,,,,,,,
2017-12-08 0:00:00,-33.4,,,,,244,32.6,,,,,,,,,
2017-12-09 0:00:00,-33.404,,,,,302,31.8,,,,,,,,,
2017-12-10 0:00:00,-33.415,,,,,0,31.1,,,,,,,,,
2017-12-11 0:00:00,-33.413,,,,,0,41.8,,,,,,,,,
2017-12-12 0:00:00,-33.403,,,,,154,40.1,,,,,,,,,
2017-12-13 0:00:00,-33.409,,,,,175,32.8,,,,,,,,,
2017-12-14 0:00:00,-33.399,,,,,162,44.1,,,,,,,,,
2017-12-15 0:00:00,-33.403,,,,,57,34.8,,,,,,,,,
2017-12-16 0:00:00,-33.4,,,,,128,36.5,,,,,,,,,
2017-12-17 0:00:00,-33.401,,,,,82,39.1,,,,,,,,,
2017-12-18 0:00:00,-33.384,,,,,97,50.5,,,,,,,,,
2017-12-19 0:00:00,-33.377,,,,,164,57.9,,,,,,,,,
2017-12-20 0:00:00,-33.368,,,,,193,52.9,,,,,,,,,
2017-12-21 0:00:00,-33.371,,,,,135,48.4,,,,,,,,,
2017-12-22 0:00:00,-33.377,,,,,122,47.4,,,,,,,,,
2017-12-23 0:00:00,-33.367,,,,,345,53.1,,,,,,,,,
2017-12-24 0:00:00,-33.388,,,,,165,44.7,,,,,,,,,
2017-12-25 0:00:00,-33.409,,,,,86,30,,,,,,,,,
2017-12-26 0:00:00,-33.407,,,,,139,33.2,,,,,,,,,
2017-12-27 0:00:00,-33.403,,,,,0,34.6,,,,,,,,,
2017-12-28 0:00:00,-33.409,,,,,0,29.9,,,,,,,,,
2017-12-29 0:00:00,-33.403,,,,,0,34.7,,,,,,,,,
2017-12-30 0:00:00,-33.404,,,,,0,36.1,,,,,,,,,
2017-12-31 0:00:00,-33.413,,,,,66,27.2,,,,,,,,,
2018-01-01 0:00:00,-33.425,,,,,0,19.6,,,,,,,,,
2018-01-02 0:00:00,-33.431,,,,,0,18.7,,,,,,,,,
2018-01-03 0:00:00,-33.42,,,,,0,24.6,,,,,,,,,
2018-01-04 0:00:00,-33.422,,,26.1,1.4,0,21.3,,,,,,,,,
2018-01-05 0:00:00,-33.421,,,,,0,20.6,,,,,,,,,
2018-01-06 0:00:00,-33.423,,,,,0,22.2,,,,,,,,,
2018-01-07 0:00:00,-33.424,,,,,0,20.6,,,,,,,,,
2018-01-08 0:00:00,-33.403,,,,,0,30.6,,,,,,,,,
2018-01-09 0:00:00,-33.383,,,,,0,45.5,,,,,,,,,
2018-01-10 0:00:00,-33.379,,,43.6,4.8,0,49.4,,,,,,,,,
2018-01-11 0:00:00,-33.365,,,48.5,80.7,0,53.1,,,,,,,,,
2018-01-12 0:00:00,-33.372,,,49.1,2.8,0,51.1,,,,,,,,,
2018-01-13 0:00:00,-33.415,,,35.8,1.4,0,28.9,,,,,,,,,
2018-01-14 0:00:00,-33.427,,,,,0,23.4,,,,,,,,,
2018-01-15 0:00:00,-33.419,,,,,0,27,,,,,,,,,
2018-01-16 0:00:00,-33.411,,,,,0,32.8,,,,,,,,,
2018-01-17 0:00:00,-33.42,,,,,0,23.3,,,,,,,,,
2018-01-18 0:00:00,-33.422,,,,,0,28.7,,,,,,,,,
2018-01-19 0:00:00,-33.409,,,,,0,38.1,,,,,,,,,
2018-01-20 0:00:00,-33.397,,,,,0,44.5,,,,,,,,,
2018-01-21 0:00:00,-33.391,,,,,0,47.7,,,,,,,,,
2018-01-22 0:00:00,-33.393,,,,,0,47,,,,,,,,,
2018-01-23 0:00:00,-33.384,,,,,0,47.9,,,,,,,,,
2018-01-24 0:00:00,-33.4,,,,,0,39.3,,,,,,,,,
2018-01-25 0:00:00,-33.401,,,41.4,1.4,0,40,,,,,,,,,
2018-01-26 0:00:00,-33.406,,,36.2,1.4,0,39.5,,,,,,,,,
2018-01-27 0:00:00,-33.386,,,42.9,2.1,0,46.3,,,,,,,,,
2018-01-28 0:00:00,-33.375,,,,,0,49.5,,,,,,,,,
2018-01-29 0:00:00,-33.381,,,57.3,1.4,0,45.5,,,,,,,,,
2018-01-30 0:00:00,-33.406,,,43.9,1.4,0,35.1,,,,,,,,,
2018-01-31 0:00:00,-33.409,,,54.4,1.4,0,35.4,,,,,,,,,
2018-02-01 0:00:00,-33.398,,,,,0,43.3,,,,,,,,,
2018-02-02 0:00:00,-33.404,,,49,1.4,0,35.4,,,,,,,,,
2018-02-03 0:00:00,-33.409,,,,,0,31,,,,,,,,,
2018-02-04 0:00:00,-33.396,,,40.1,99.9,0,38.3,,,,,,,,,
2018-02-05 0:00:00,-33.394,,,43.7,1.4,0,40.3,,,,,,,,,
2018-02-06 0:00:00,-33.389,,,35.5,1.4,0,44.3,,,,,,,,,
2018-02-07 0:00:00,-33.37,,,48.3,97.1,0,50.1,,,,,,,,,
2018-02-08 0:00:00,-33.388,,,45.3,2.3,0,44.4,,,,,,,,,
2018-02-09 0:00:00,-33.39,,,50.6,1.4,0,43.8,,,,,,,,,
2018-02-10 0:00:00,-33.375,,,47.1,24.3,0,49.9,,,,,,,,,
2018-02-11 0:00:00,-33.357,,,54.5,68.3,0,58.3,,,,,,,,,
2018-02-12 0:00:00,-33.357,,,56.3,1.4,0,59.6,,,,,,,,,
2018-02-13 0:00:00,-33.383,,,49.6,1.4,0,43.6,,,,,,,,,
2018-02-14 0:00:00,-33.378,,,50.7,1.4,50,49.2,,,,,,,,,
2018-02-15 0:00:00,-33.359,,,59.9,1.4,82,60.1,,,,,,,,,
2018-02-16 0:00:00,-33.357,,,,,63,61.5,,,,,,,,,
2018-02-17 0:00:00,-33.379,,,,,1563,50.6,,,,,,,,,
2018-02-18 0:00:00,-33.373,,,56.6,1.4,1146,54.9,,,,,,,,,
2018-02-19 0:00:00,-33.372,,,54.1,1.4,1649,52.3,,,,,,,,,
2018-02-20 0:00:00,-33.364,,,55.9,1.4,1753,57,,,,,,,,,
2018-02-24 0:00:00,3.134,,,,,14,59,,,,,,,,0.02,
2018-02-25 0:00:00,46.705,,,,,,52,,,,,,,,,
2018-02-26 0:00:00,51.525,,,,,10,50.9,,,,,,,,12.12,
2018-02-27 0:00:00,66.83,,,,,9562,42.1,,,,,,,,12.95,
2018-02-28 0:00:00,66.689,,,,,1826,45.7,,,,,,,,12.99,
2018-03-01 0:00:00,66.741,,,,,2641,54,,,,,,,,13.02,
2018-03-02 0:00:00,66.541,,,,,14317,46.9,,,,,,,,13.15,
2018-03-03 0:00:00,66.453,,,,,13882,44.1,,,,,,,,13.09,
2018-03-04 0:00:00,75.344,,,,,12912,46.1,,,,,,,,13.04,
2018-03-05 0:00:00,86.565,,,,,8771,44.6,,,,,,,,13.11,
2018-03-06 0:00:00,86.266,,,,,2744,45,,,,,,,,12.82,
2018-03-07 0:00:00,84.825,,,,,13107,36.2,,,,,,,,13.16,
2018-03-08 0:00:00,83.693,,,,,7176,33.3,,,,,,,,13.21,
2018-03-09 0:00:00,82.278,,,,,19959,38.2,,,,,,,,13.3,
2018-03-10 0:00:00,81.465,,,,,0,52,,,,,,,,12.52,
2018-03-11 0:00:00,81.192,,,,,2099,53,,,,,,,,12.89,
2018-03-12 0:00:00,82.713,,,,,9557,41.9,,,,,,,,13.05,
2018-03-13 0:00:00,87.788,,,,,307,37.7,,,,,,,,13.16,
2018-03-14 0:00:00,86.725,,,,,222,37.6,,,,,,,,13.01,
2018-03-15 0:00:00,85.68,,,,,189,37.6,,,,,,,,12.91,
2018-03-16 0:00:00,84.205,,,,,293,37.6,,,,,,,,13.3,
2018-03-17 0:00:00,87.59,,,,,0,37.6,,,,,,,,12.57,
2018-03-18 0:00:00,87.127,,,,,130,37.6,,,,,,,,12.83,
2018-03-19 0:00:00,91.751,,,,,3709,47.8,,,,,,,,12.97,
2018-03-20 0:00:00,96.292,,,,,9548,55.1,,,,,,,,13.03,
2018-03-21 0:00:00,93.972,,,,,6648,35.4,,,,,,,,13.19,
2018-03-22 0:00:00,92.508,,,,,14923,39,,,,,,,,13.15,
2018-03-23 0:00:00,91.194,,,,,10548,40.3,,,,,,,,13.1,
2018-03-24 0:00:00,89.921,,,,,3718,45.5,,,,,,,,12.97,
2018-03-25 0:00:00,99.899,,,,,3231,40.9,,,,,,,,13.07,
2018-03-26 0:00:00,113.28,,,,,4905,42.8,,,,,,,,13.08,
2018-03-27 0:00:00,111.875,,,,,3164,45.2,,,,,,,,13.07,
2018-03-28 0:00:00,109.772,,,,,11102,59.8,,,,,,,,12.96,
2018-03-29 0:00:00,107.4,,,,,6190,56.4,,,,,,,,12.99,
2018-03-30 0:00:00,105.52,,,,,10344,55,,,,,,,,13.03,
2018-03-31 0:00:00,103.74,,,,,7284,54.7,,,,,,,,13.03,
2018-04-01 0:00:00,103.347,,,,,5704,54.7,,,,,,,,12.98,
2018-04-02 0:00:00,103.191,,,,,0,54.4,,,,,,,,12.97,
2018-04-03 0:00:00,103.185,,,,,0,59.8,,,,,,,,13,
2018-04-04 0:00:00,103.108,,,,,0,58.2,,,,,,,,13.06,
2018-04-05 0:00:00,102.364,,,,,0,45.4,,,,,,,,13.02,
2018-04-06 0:00:00,104.653,,,,,0,46.9,,,,,,,,13.04,
2018-04-07 0:00:00,110.555,,,,,0,50.7,,,,,,,,12.78,
2018-04-08 0:00:00,,,,,,0,41.6,,,,,,,,,
2018-04-09 0:00:00,,,,,,0,45.2,,,,,,,,14.5,
2018-04-10 0:00:00,,,,,,0,45,,,,,,,,,
2018-04-11 0:00:00,,,,,,0,49.9,,,,,,,,,
2018-04-12 0:00:00,,,,,,0,54.3,,,,,,,,,
2018-04-13 0:00:00,,,,,,0,54.4,,,,,,,,,
2018-04-14 0:00:00,103.856,,,,,0,54.4,,,,,,,,11.67,
2018-04-15 0:00:00,104.719,,,,,0,54.3,,,,,,,,11.17,
2018-04-16 0:00:00,103.454,,,,,0,54.3,,,,,,,,11.53,
2018-04-17 0:00:00,97.65,,,,,14198,54.4,,,,,,,,12.43,
2018-04-18 0:00:00,92.869,,,,,15019,54.1,,,,,,,,12.98,
2018-04-19 0:00:00,92.658,,,,,15414,54.3,,,,,,,,13.1,
2018-04-20 0:00:00,92.086,,,,,14778,54.3,,,,,,,,13.04,
2018-04-21 0:00:00,91.29,,,,,14441,54.3,,,,,,,,13.04,
2018-04-22 0:00:00,91.324,,,,,3016,54.4,,,,,,,,12.92,
2018-04-23 0:00:00,92.538,,,,,5950,54.4,,,,,,,,13.04,
2018-04-24 0:00:00,92.206,,,,,5209,54.3,,,,,,,,13.06,
2018-04-25 0:00:00,90.521,,,,,8894,54.3,,,,,,,,12.99,
2018-04-26 0:00:00,89.868,,,,,3480,54.4,,,,,,,,12.7,
2018-04-27 0:00:00,88.783,,,,,14605,59.1,,,,,,,,12.7,
2018-04-28 0:00:00,85.616,,,,,14098,41.9,,,,,,,,12.67,
2018-04-29 0:00:00,83.929,,,,,13504,42.9,,,,,,,,12.88,
2018-04-30 0:00:00,82.628,,,,,12385,51.5,,,,,,,,12.98,
2018-05-01 0:00:00,81.504,,,,,12330,72.2,,,,,,,,12.97,
2018-05-02 0:00:00,81.233,,,,,15216,71.4,,,,,,,,12.96,
2018-05-03 0:00:00,80.964,,,,,14227,58.6,,,,,,,,12.95,
2018-05-04 0:00:00,80.952,,,,,14085,67,,,,,,,,12.93,
2018-05-05 0:00:00,81.369,,,,,7958,63.6,,,,,,,,12.98,
2018-05-06 0:00:00,81.728,,,,,12910,64,,,,,,,,13,
2018-05-07 0:00:00,81.99,,,,,7648,67.3,,,,,,,,13.04,
2018-05-08 0:00:00,82.795,,,,,11448,50.7,,,,,,,,12.97,
2018-05-09 0:00:00,83.88,,,,,11720,60.5,,,,,,,,12.95,
2018-05-10 0:00:00,84.991,,,,,9671,75.9,,,,,,,,12.95,
2018-05-11 0:00:00,85.943,,,,,12419,76.1,,,,,,,,12.93,
2018-05-12 0:00:00,87.191,,,,,13201,76.1,,,,,,,,12.92,
2018-05-13 0:00:00,88.493,,,,,13229,76,,,,,,,,12.91,
2018-05-14 0:00:00,89.765,,,,,13648,75.7,,,,,,,,12.91,
2018-05-15 0:00:00,90.927,,,,,9849,75.8,,,,,,,,12.92,
2018-05-16 0:00:00,92.231,,,,,6823,76,,,,,,,,12.88,
2018-05-17 0:00:00,91.999,,,,,11622,76.1,,,,,,,,12.94,
2018-05-18 0:00:00,92.827,,,,,9979,75.9,,,,,,,,12.94,
2018-05-19 0:00:00,92.84,,,,,9746,76.1,,,,,,,,12.91,
2018-05-20 0:00:00,92.788,,,,,10085,76.1,,,,,,,,12.92,
2018-05-21 0:00:00,92.327,,,,,14657,67.8,,,,,,,,12.92,
2018-05-22 0:00:00,92.403,,,,,8963,45,,,,,,,,12.95,
2018-05-23 0:00:00,92.551,,,,,10718,44.3,,,,,,,,12.92,
2018-05-24 0:00:00,92.344,,,,,11804,51.5,,,,,,,,12.88,
2018-05-25 0:00:00,92.582,,,,,9136,64.5,,,,,,,,12.94,
2018-05-26 0:00:00,92.948,,,,,9580,64.5,,,,,,,,12.93,
2018-05-27 0:00:00,92.825,,,,,10611,64.5,,,,,,,,12.95,
2018-05-28 0:00:00,93.383,,,,,6305,64.5,,,,,,,,13.08,
2018-05-29 0:00:00,93.975,,,,,6143,64.5,,,,,,,,12.94,
2018-05-30 0:00:00,93.983,,,,,6014,64.5,,,,,,,,12.77,
2018-05-31 0:00:00,93.42,,,,,10352,64.5,,,,,,,,12.89,
2018-06-01 0:00:00,92.395,,,,,12528,64.5,,,,,,,,13.13,
2018-06-02 0:00:00,91.339,,,,,8092,64.5,,,,,,,,12.82,
2018-06-03 0:00:00,90.94,,,,,11913,64.5,,,,,,,,12.9,
2018-06-04 0:00:00,90.182,,,,,8813,64.5,,,,,,,,13,
2018-06-05 0:00:00,89.629,,,,,11012,64.5,,,,,,,,13.1,
2018-06-06 0:00:00,89.253,,,,,9012,64.5,,,,,,,,12.77,
2018-06-07 0:00:00,88.821,,,,,10730,64.5,,,,,,,,12.88,
2018-06-08 0:00:00,88.345,,,,,12574,64.5,,,,,,,,13.24,
2018-06-09 0:00:00,88.215,,,,,10375,64.5,,,,,,,,13,
2018-06-10 0:00:00,88.04,,,,,8697,64.5,,,,,,,,12.97,
2018-06-11 0:00:00,88.122,,,,,9740,64.5,,,,,,,,12.86,
2018-06-12 0:00:00,88.267,,,,,7854,64.5,,,,,,,,13.17,
2018-06-13 0:00:00,88.014,,,,,7952,64.3,,,,,,,,13.07,
2018-06-14 0:00:00,87.766,,,,,8774,64.3,,,,,,,,13.01,
2018-06-15 0:00:00,87.788,,,,,8942,64.5,,,,,,,,12.92,
2018-06-16 0:00:00,87.915,,,,,7231,64.5,,,,,,,,13.21,
2018-06-17 0:00:00,87.99,,,,,8883,64.5,,,,,,,,12.96,
2018-06-18 0:00:00,88.562,,,,,10796,64.5,,,,,,,,13.04,
2018-06-19 0:00:00,89.447,,,,,3709,64.5,,,,,,,,12.76,
2018-06-20 0:00:00,90.752,,,,,11203,64.5,,,,,,,,13.54,
2018-06-21 0:00:00,95.115,,,,,8066,64.5,,,,,,,,13.04,
2018-06-22 0:00:00,109.887,,,,,9869,64.5,,,,,,,,13.15,
2018-06-23 0:00:00,97.75,,,,,10294,64.5,,,,,,,,13.23,
2018-06-24 0:00:00,110.239,,,,,8211,64.5,,,,,,,,13.05,
2018-06-25 0:00:00,109.997,,,,,13024,64.5,,,,,,,,13.08,
2018-06-26 0:00:00,109.88,,,,,11101,64.5,,,,,,,,13.05,
2018-06-27 0:00:00,111.937,,,,,6510,64.4,,,,,,,,13.17,
2018-06-28 0:00:00,112.944,,,,,3337,64.5,,,,,,,,12.77,
2018-06-29 0:00:00,113.596,,,,,6087,64.5,,,,,,,,12.88,
2018-06-30 0:00:00,115.593,,,,,10672,64.5,,,,,,,,12.8,
2018-07-01 0:00:00,118.196,,,,,8238,64.5,,,,,,,,12.81,
2018-07-02 0:00:00,119.451,,,,,9454,64.5,,,,,,,,12.86,
2018-07-03 0:00:00,120.532,,,,,9922,64.5,,,,,,,,12.76,
2018-07-04 0:00:00,121.869,,,,,11368,64.4,,,,,,,,12.7,
2018-07-05 0:00:00,123.972,,,,,7525,64.1,,,,,,,,12.6,
2018-07-06 0:00:00,124.611,,,,,5856,64.5,,,,,,,,12.57,
2018-07-07 0:00:00,124.639,,,,,4310,64.5,,,,,,,,12.67,
2018-07-08 0:00:00,123.003,,,,,9382,64.5,,,,,,,,12.84,
2018-07-09 0:00:00,122.784,,,,,9306,64.5,,,,,,,,12.73,
2018-07-10 0:00:00,123.025,,,,,8888,64.4,,,,,,,,12.71,
2018-07-11 0:00:00,113.802,,,,,10350,64.5,,,,,,,,12.78,
2018-07-12 0:00:00,107.547,,,,,9964,64.5,,,,,,,,12.91,
2018-07-13 0:00:00,107.721,,,,,10413,64.5,,,,,,,,12.77,
2018-07-14 0:00:00,108.239,,,,,9167,64.5,,,,,,,,12.83,
2018-07-15 0:00:00,107.376,,,,,8794,64.5,,,,,,,,12.83,
2018-07-16 0:00:00,107.744,,,,,8002,64.5,,,,,,,,12.87,
2018-07-17 0:00:00,107.229,,,,,9032,64.5,,,,,,,,12.9,
2018-07-18 0:00:00,106.281,,,,,7981,64.5,,,,,,,,12.83,
2018-07-19 0:00:00,105.336,,,,,11344,64.5,,,,,,,,12.86,
2018-07-20 0:00:00,104.557,,,,,8540,64.5,,,,,,,,12.83,
2018-07-21 0:00:00,105.024,,,,,12851,64.5,,,,,,,,12.78,
2018-07-22 0:00:00,104.519,,,,,5879,64.5,,,,,,,,12.82,
2018-07-23 0:00:00,103.884,,,,,9208,64.5,,,,,,,,12.84,
2018-07-24 0:00:00,103.33,,,,,5898,64.5,,,,,,,,12.77,
2018-07-25 0:00:00,102.417,,,,,9336,64.5,,,,,,,,12.9,
2018-07-26 0:00:00,102.077,,,,,10602,64.5,,,,,,,,12.91,
2018-07-27 0:00:00,101.439,,,,,10313,64.5,,,,,,,,12.84,
2018-07-28 0:00:00,100.882,,,,,11181,64.5,,,,,,,,12.82,
2018-07-29 0:00:00,100.387,,,,,11122,64.5,,,,,,,,12.84,
2018-07-30 0:00:00,100.184,,,,,11664,64.5,,,,,,,,12.76,
2018-07-31 0:00:00,100.471,,,,,6854,64.5,,,,,,,,12.66,
2018-08-01 0:00:00,102.312,,,,,3013,64.3,,,,,,,,12.8,
2018-08-02 0:00:00,103.187,,,,,3469,64.5,,,,,,,,12.75,
2018-08-03 0:00:00,102.272,,,,,8799,64.5,,,,,,,,12.9,
2018-08-04 0:00:00,100.905,,,,,9438,64.5,,,,,,,,12.86,
2018-08-05 0:00:00,100.182,,,,,9676,64.5,,,,,,,,12.88,
2018-08-06 0:00:00,100.152,,,,,6898,64.5,,,,,,,,12.83,
2018-08-07 0:00:00,99.444,,,,,9905,64.5,,,,,,,,12.86,
2018-08-08 0:00:00,99.294,,,,,4976,64.5,,,,,,,,12.75,
2018-08-09 0:00:00,99.603,,,,,5716,64.5,,,,,,,,12.87,
2018-08-10 0:00:00,99.302,,,,,6970,64.5,,,,,,,,12.82,
2018-08-11 0:00:00,98.531,,,,,8414,64.5,,,,,,,,12.85,
2018-08-12 0:00:00,98.382,,,,,6199,64.5,,,,,,,,12.86,
2018-08-13 0:00:00,98.101,,,,,11567,64.5,,,,,,,,12.89,
2018-08-14 0:00:00,97.67,,,,,13267,64.5,,,,,,,,13.14,
2018-08-15 0:00:00,97.581,,,,,5570,64.5,,,,,,,,12.86,
2018-08-16 0:00:00,97.438,,,,,8740,64.5,,,,,,,,12.82,
2018-08-17 0:00:00,97.64,,,,,4723,64.5,,,,,,,,12.78,
2018-08-18 0:00:00,97.738,,,,,4425,64.5,,,,,,,,12.81,
2018-08-19 0:00:00,97.458,,,,,4427,64.5,,,,,,,,12.81,
2018-08-20 0:00:00,102.413,,,,,4153,64.5,,,,,,,,12.82,
2018-08-21 0:00:00,108.668,,,,,7608,64.5,,,,,,,,12.81,
2018-08-22 0:00:00,101.508,,,,,8285,64.5,,,,,,,,12.93,
2018-08-23 0:00:00,80.572,,,,,13926,64.5,,,,,,,,12.96,
2018-08-24 0:00:00,76.502,,,,,13566,64.5,,,,,,,,12.83,
2018-08-25 0:00:00,74.338,,,,,13468,64.5,,,,,,,,12.77,
2018-08-26 0:00:00,72.508,,,,,12310,64.5,,,,,,,,12.73,
2018-08-27 0:00:00,72.16,,,,,13992,64.5,,,,,,,,12.71,
2018-08-28 0:00:00,73.272,,,,,10356,68.5,,,,,,,,12.66,
2018-08-29 0:00:00,68.593,,,,,3672,70.6,,,,,,,,12.65,
2018-08-30 0:00:00,68.37,,,,,506,71.2,,,,,,,,12.66,
2018-08-31 0:00:00,68.16,,,,,4141,70.3,,,,,,,,12.75,
2018-09-01 0:00:00,68.048,,,,,0,71.1,,,,,,,,12.7,
2018-09-02 0:00:00,68.421,,,,,4268,71.2,,,,,,,,12.72,
2018-09-03 0:00:00,69.179,,,,,4827,71.3,,,,,,,,12.7,
2018-09-04 0:00:00,69.49,,,,,4159,71.2,,,,,,,,12.75,
2018-09-05 0:00:00,69.572,,,,,4596,71.2,,,,,,,,12.76,
2018-09-06 0:00:00,70.278,,,,,4868,71.3,,,,,,,,12.65,
2018-09-07 0:00:00,70.899,,,,,5873,70.3,,,,,,,,12.72,
2018-09-08 0:00:00,72.114,,,,,3552,71.3,,,,,,,,12.75,
2018-09-09 0:00:00,73.815,,,,,5249,70.9,,,,,,,,12.72,
2018-09-10 0:00:00,73.817,,,,,3585,70.5,,,,,,,,12.69,
2018-09-11 0:00:00,76.37,,,,,4217,71.3,,,,,,,,12.81,
2018-09-12 0:00:00,83.422,,,,,6196,70.9,,,,,,,,12.75,
2018-09-13 0:00:00,82.627,,,,,7514,71.3,,,,,,,,12.71,
2018-09-14 0:00:00,80.596,,,,,8712,70.3,,,,,,,,12.76,
2018-09-15 0:00:00,79.728,,,,,4564,70.3,,,,,,,,12.8,
2018-09-16 0:00:00,79.841,,,,,1408,71.4,,,,,,,,12.71,
2018-09-17 0:00:00,79.157,,,,,5049,70.4,,,,,,,,12.79,
2018-09-18 0:00:00,78.314,,,,,8788,70.4,,,,,,,,13,
2018-09-19 0:00:00,78.026,,,,,9064,71,,,,,,,,12.89,
2018-09-20 0:00:00,77.957,,,,,8545,71,,,,,,,,12.89,
2018-09-21 0:00:00,77.777,,,,,9003,70.8,,,,,,,,12.94,
2018-09-22 0:00:00,77.717,,,,,9942,69.6,,,,,,,,12.72,
2018-09-23 0:00:00,78.097,,,,,7000,70.8,,,,,,,,12.71,
2018-09-24 0:00:00,78.642,,,,,1988,70.5,,,,,,,,12.79,
2018-09-25 0:00:00,78.166,,,,,2798,71.5,,,,,,,,12.72,
2018-09-26 0:00:00,78.273,,,,,5027,71.2,,,,,,,,12.9,
2018-09-27 0:00:00,77.831,,,,,1630,71.6,,,,,,,,12.58,
2018-09-28 0:00:00,76.362,,,,,12671,70.6,,,,,,,,12.86,
2018-09-29 0:00:00,77.552,90.9,71.5,70.7,93,9465,70.7,,,,,,,,12.79,
2018-09-30 0:00:00,76.956,90,72.3,71.9,91.2,6650,70.5,,,,,,,,12.89,
2018-10-01 0:00:00,76.764,89.1,76.2,70.9,90.3,5434,70,,,,,,,,12.92,
2018-10-02 0:00:00,76.486,88.4,80.1,68.8,90.6,5774,71.2,,,,,,,,12.89,
2018-10-03 0:00:00,74.492,88.4,74.7,69.5,94.2,5284,70.9,,,,,,,,12.87,
2018-10-04 0:00:00,69.75,89.1,70.6,69.5,94.6,5612,71.1,,,,,,,,12.83,
2018-10-05 0:00:00,69.475,87.3,69.7,70.3,95,4865,71,,,,,,,,12.86,
2018-10-06 0:00:00,69.228,87.3,67.5,71.7,90.7,6378,71.4,,,,,,,,12.83,
2018-10-07 0:00:00,68.902,86.4,66.6,70.9,95.3,5542,70.6,,,,,,,,12.84,
2018-10-08 0:00:00,68.842,85.7,69.3,72.4,99.8,4239,71.4,,,,,,,,12.86,
2018-10-09 0:00:00,68.561,82.9,69,70.2,99.9,2478,70.9,,,,,,,,12.92,
2018-10-10 0:00:00,68.713,82.4,77.3,71.1,99.9,3464,71,,,,,,,,12.89,
2018-10-11 0:00:00,68.598,83.9,73.8,68.9,99.9,5315,70.7,,,,,,,,12.92,
2018-10-12 0:00:00,68.13,77.6,72,57.2,94.2,6481,71.1,,,,,,,,13.02,
2018-10-13 0:00:00,67.757,75.8,72.6,57.5,99.9,6802,70.8,,,,,,,,12.91,
2018-10-14 0:00:00,67.661,74.9,74.9,58.5,99.9,4208,71.3,,,,,,,,12.86,
2018-10-15 0:00:00,67.218,76.6,77.1,64.1,99.9,3850,71.4,,,,,,,,12.92,
2018-10-16 0:00:00,67.302,77.5,76.9,62.5,99.9,2278,70.9,,,,,,,,12.82,
2018-10-17 0:00:00,67.22,75.6,76,62.4,96.9,5034,71.3,,,,,,,,12.77,
2018-10-18 0:00:00,66.963,72.6,72.4,54.8,99.9,5966,71.4,,,,,,,,12.49,
2018-10-19 0:00:00,66.846,70.1,76.6,53.1,99.9,5264,71.4,,,,,,,,12.55,
2018-10-20 0:00:00,66.676,71.8,78.5,59.2,99.9,3635,70.3,,,,,,,,12.82,
2018-10-21 0:00:00,66.634,67.1,74.6,47.5,86,5978,71.1,,,,,,,,12.86,
2018-10-22 0:00:00,66.455,62.3,77.6,44,99.9,5046,71,,,,,,,,12.84,
2018-10-23 0:00:00,66.233,61.4,83.2,46.9,98.1,4479,70.9,,,,,,,,12.84,
2018-10-24 0:00:00,66.045,63.7,81.1,49.6,99.9,5980,71.1,,,,,,,,13.01,
2018-10-25 0:00:00,66.039,62.3,82.2,46.1,99.9,2462,71.1,,,,,,,,12.76,
2018-10-26 0:00:00,66.676,59.1,90,47.9,99.9,1214,71.3,,,,,,,,12.53,
2018-10-27 0:00:00,66.286,60,91.9,49.8,99.9,2171,71.5,,,,,,,,12.73,
2018-10-28 0:00:00,65.964,61.1,87,53.4,99.9,5639,71.4,,,,,,,,12.97,
2018-10-29 0:00:00,65.658,66.7,77.6,53.7,84.2,5748,71,,,,,,,,13,
2018-10-30 0:00:00,65.522,62.1,76,46.5,99.9,5471,69.9,,,,,,,,12.96,
2018-10-31 0:00:00,65.287,64.7,81.5,54.2,99.9,5357,71.2,,,,,,,,12.97,
2018-11-01 0:00:00,65.329,68.8,80.7,58.9,99.9,884,71.5,,,,,,,,12.42,
2018-11-02 0:00:00,65.619,64.8,81.3,55.2,99.9,1936,71.4,,,,,,,,12.57,
2018-11-03 0:00:00,65.37,60.3,83.3,47.2,99.4,5423,70.9,,,,,,,,12.97,
2018-11-04 0:00:00,65.217,59.9,77.6,46.4,99.9,4777,71.4,,,,,,,,12.9,
2018-11-05 0:00:00,65.371,65,87.8,56.6,99.9,3544,71.3,,,,,,,,12.77,
2018-11-06 0:00:00,65.467,70.3,83.3,58,99.8,2723,70.9,,,,,,,,12.58,
2018-11-07 0:00:00,65.134,65.3,80.8,51.9,99.9,3961,71.5,,,,,,,,12.66,
2018-11-08 0:00:00,64.879,64.1,79.6,55.5,99.9,1809,71,,,,,,,,12.58,
2018-11-09 0:00:00,65.255,61.6,85.5,51.5,99.9,903,71.6,,,,,,,,12.28,
2018-11-10 0:00:00,64.975,57.1,77.6,39.8,97.9,4999,71.6,,,,,,,,12.47,
2018-11-11 0:00:00,64.906,56,80.2,37.9,99.9,4544,71.4,,,,,,,,12.76,
2018-11-12 0:00:00,65.327,54,83.4,41.4,99.9,392,71.6,,,,,,,,12.11,
2018-11-13 0:00:00,65.172,60.9,94.6,49.5,99.9,1324,71.2,,,,,,,,12.26,
2018-11-14 0:00:00,65.358,64.5,88.3,44.2,99.9,507,71.6,,,,,,,,11.98,
2018-11-15 0:00:00,65.719,56.9,92.1,40.1,99.9,1532,71.6,,,,,,,,12.25,
2018-11-16 0:00:00,65.538,54.8,83.3,39.1,99.9,4682,71.4,,,,,,,,12.43,
2018-11-17 0:00:00,65.349,57.5,83.3,41.7,99.9,4882,71.5,,,,,,,,12.44,
2018-11-18 0:00:00,65.1,57.2,81.7,41.7,99.9,3249,71.5,,,,,,,,12.36,