0.0,0.0,0.0,62.96824596572466,0.0,0.0,0.0,0.0,0.0,0.0,0.0,0.0,0.0,0.0
1.0,0.0,0.0,50.0,0.0,0.0,0.0,0.0,0.0,0.0,0.0,0.0,0.0,0.0
2.0,0.0,0.0,0.0,0.0,0.0,0.0,0.0,0.0,0.0,0.0,0.0
3.0,0.0,0.0,0.0,0.0,0.0,0.0,0.0,0.0,0.0,0.0,0.0
4.0,0.0,0.0,0.0,0.0,3.605551275463989,0.0,0.0,0.0,0.0,0.0,0.0,0.0,0.0,228.12277396174193,0.0,0.0,0.0,0.0,0.0,0.0,0.0,0.0,0.0,0.0,224.87552112224222,12.0,15.524174696260024,30.0,15.0,0.0,0.0,0.0,0.0,0.0,0.0,0.0,0.0,0.0,0.0,0.0,0.0
5.0,0.0,0.0,0.0,0.0,0.0,0.0,0.0,0.0,0.0,0.0,0.0
6.0,0.0,0.0,0.0,0.0,0.0,0.0,0.0,0.0,0.0,0.0,0.0
7.0,0.0,0.0,0.0,0.0,0.0,0.0,0.0,0.0,0.0,0.0,0.0
8.0,0.0,0.0,0.0,0.0,0.0,0.0,0.0,0.0,0.0,0.0,0.0
9.0,0.0,0.0,0.0,0.0,0.0,0.0,0.0,0.0,0.0,0.0,0.0
10.0,0.0,0.0,0.0,0.0,0.0,0.0,0.0,0.0,0.0,0.0,0.0
11.0,0.0,0.0,0.0,0.0,0.0,0.0,0.0,0.0,0.0,0.0,0.0
12.0,0.0,0.0,0.0,0.0,0.0,179.07819521091898,0.0,0.0,29.614185789921695,3.0,1.0,0.0,0.0,0.0,0.0,0.0,0.0,0.0,0.0,0.0,0.0
13.0,0.0,0.0,158.61904047118682,30.0,25.298221281347036,11.661903789690601,5.385164807134504,4.47213595499958,44.553338819890925,30.4138126514911,1.4142135623730951,2.0,2.8284271247461903,1.4142135623730951,4.123105625617661,4.47213595499958,4.47213595499958,2.23606797749979,0.0,1.0,1.4142135623730951,11.180339887498949,11.704699910719626,10.198039027185569,14.142135623730951,9.0,2.23606797749979,3.0,16.76305461424021,7.0,11.180339887498949,1.0,13.341664064126334,7.0710678118654755,12.165525060596439,13.92838827718412,14.866068747318506,14.317821063276353,2.0,3.1622776601683795,3.1622776601683795,2.23606797749979,0.0,0.0,0.0,0.0,0.0,0.0,0.0,0.0,0.0,0.0
14.0,0.0,0.0,48.104053883222775,42.190046219457976,65.52098900352466,2.0,57.87054518492115,0.0,22.360679774997898,0.0,0.0,0.0,0.0,0.0,0.0,0.0,0.0,0.0,7.0710678118654755,6.324555320336759,2.23606797749979,1.0,2.8284271247461903,6.324555320336759,5.0,1.0,4.0,2.23606797749979,0.0,0.0,0.0,0.0,0.0,0.0,0.0,0.0,0.0,0.0,16.76305461424021,12.165525060596439,17.4928556845359,0.0,0.0,0.0,0.0,0.0,0.0,0.0,0.0,0.0,25.059928172283335,1.4142135623730951,5.830951894845301,3.605551275463989,1.0,0.0,12.041594578792296,0.0,4.123105625617661,0.0,0.0,0.0,0.0,0.0,0.0,82.20097323024831,0.0,84.02380615040002,0.0,0.0,0.0,8.602325267042627,0.0,0.0,0.0,0.0,0.0,9.486832980505138,7.211102550927978,23.0,0.0,0.0,0.0,0.0,0.0,0.0,0.0
15.0,0.0,34.40930106817051,13.601470508735444,2.0,2.0,1.0,11.180339887498949,24.73863375370596,15.297058540778355,16.76305461424021,5.0990195135927845,7.280109889280518,8.0,7.615773105863909,0.0,0.0,0.0,0.0,0.0,0.0,0.0,0.0,0.0,0.0
16.0,0.0,44.94441010848846,0.0,41.6293165929973,57.30619512757761,17.0,23.021728866442675,32.0,0.0,0.0,0.0,0.0,0.0,0.0,0.0,0.0,0.0,0.0
17.0,0.0,0.0,24.596747752497688,28.460498941515414,12.806248474865697,14.7648230602334,19.026297590440446,23.08679276123039,5.656854249492381,5.0,0.0,0.0,0.0,0.0,0.0,0.0,0.0,0.0,0.0,0.0
18.0,0.0,11.0,26.40075756488817,22.825424421026653,15.620499351813308,14.7648230602334,25.317977802344327,26.1725046566048,19.6468827043885,0.0,0.0,0.0,0.0,0.0,0.0,0.0,0.0,0.0,0.0
19.0,0.0,5.0,58.077534382926416,0.0,0.0,0.0,0.0,0.0,0.0
20.0,0.0,0.0,0.0,110.60289327137876,79.83107164506812,0.0,0.0,0.0
0.0,0.0,0.0,62.96824596572466,0.0,0.0,0.0,0.0,0.0,0.0,0.0,0.0,0.0,0.0
1.0,0.0,0.0,50.0,0.0,0.0,0.0,0.0,0.0,0.0,0.0,0.0,0.0,0.0
2.0,0.0,0.0,0.0,0.0,0.0,0.0,0.0,0.0,0.0,0.0,0.0
3.0,0.0,0.0,0.0,0.0,0.0,0.0,0.0,0.0,0.0,0.0,0.0
4.0,0.0,0.0,0.0,0.0,3.605551275463989,0.0,0.0,0.0,0.0,0.0,0.0,0.0,0.0,228.12277396174193,0.0,0.0,0.0,0.0,0.0,0.0,0.0,0.0,0.0,0.0,224.87552112224222,12.0,15.524174696260024,30.0,15.0,0.0,0.0,0.0,0.0,0.0,0.0,0.0,0.0,0.0,0.0,0.0,0.0
5.0,0.0,0.0,0.0,0.0,0.0,0.0,0.0,0.0,0.0,0.0,0.0
6.0,0.0,0.0,0.0,0.0,0.0,0.0,0.0,0.0,0.0,0.0,0.0
7.0,0.0,0.0,0.0,0.0,0.0,0.0,0.0,0.0,0.0,0.0,0.0
8.0,0.0,0.0,0.0,0.0,0.0,0.0,0.0,0.0,0.0,0.0,0.0
9.0,0.0,0.0,0.0,0.0,0.0,0.0,0.0,0.0,0.0,0.0,0.0
10.0,0.0,0.0,0.0,0.0,0.0,0.0,0.0,0.0,0.0,0.0,0.0
11.0,0.0,0.0,0.0,0.0,0.0,0.0,0.0,0.0,0.0,0.0,0.0
12.0,0.0,0.0,0.0,0.0,0.0,179.07819521091898,0.0,0.0,29.614185789921695,3.0,1.0,0.0,0.0,0.0,0.0,0.0,0.0,0.0,0.0,0.0,0.0
13.0,0.0,0.0,158.61904047118682,30.0,25.298221281347036,11.661903789690601,5.385164807134504,4.47213595499958,44.553338819890925,30.4138126514911,1.4142135623730951,2.0,2.8284271247461903,1.4142135623730951,4.123105625617661,4.47213595499958,4.47213595499958,2.23606797749979,0.0,1.0,1.4142135623730951,11.180339887498949,11.704699910719626,10.198039027185569,14.142135623730951,9.0,2.23606797749979,3.0,16.76305461424021,7.0,11.180339887498949,1.0,13.341664064126334,7.0710678118654755,12.165525060596439,13.92838827718412,14.866068747318506,14.317821063276353,2.0,3.1622776601683795,3.1622776601683795,2.23606797749979,0.0,0.0,0.0,0.0,0.0,0.0,0.0,0.0,0.0,0.0
14.0,0.0,0.0,48.104053883222775,42.190046219457976,65.52098900352466,2.0,57.87054518492115,0.0,22.360679774997898,0.0,0.0,0.0,0.0,0.0,0.0,0.0,0.0,0.0,7.0710678118654755,6.324555320336759,2.23606797749979,1.0,2.8284271247461903,6.324555320336759,5.0,1.0,4.0,2.23606797749979,0.0,0.0,0.0,0.0,0.0,0.0,0.0,0.0,0.0,0.0,16.76305461424021,12.165525060596439,17.4928556845359,0.0,0.0,0.0,0.0,0.0,0.0,0.0,0.0,0.0,25.059928172283335,1.4142135623730951,5.830951894845301,3.605551275463989,1.0,0.0,12.041594578792296,0.0,4.123105625617661,0.0,0.0,0.0,0.0,0.0,0.0,82.20097323024831,0.0,84.02380615040002,0.0,0.0,0.0,8.602325267042627,0.0,0.0,0.0,0.0,0.0,9.486832980505138,7.211102550927978,23.0,0.0,0.0,0.0,0.0,0.0,0.0,0.0,0.0,0.0,0.0
15.0,0.0,34.40930106817051,13.601470508735444,2.0,2.0,1.0,11.180339887498949,24.73863375370596,15.297058540778355,16.76305461424021,5.0990195135927845,7.280109889280518,8.0,7.615773105863909,0.0,0.0,0.0,0.0,0.0,0.0,0.0,0.0,0.0,0.0
16.0,0.0,44.94441010848846,0.0,41.6293165929973,57.30619512757761,17.0,23.021728866442675,32.0,0.0,0.0,0.0,0.0,0.0,0.0,0.0,0.0,0.0,0.0
17.0,0.0,0.0,24.596747752497688,28.460498941515414,12.806248474865697,14.7648230602334,19.026297590440446,23.08679276123039,5.656854249492381,5.0,0.0,0.0,0.0,0.0,0.0,0.0,0.0,0.0,0.0,0.0
18.0,0.0,11.0,26.40075756488817,22.825424421026653,15.620499351813308,14.7648230602334,25.317977802344327,26.1725046566048,19.6468827043885,0.0,0.0,0.0,0.0,0.0,0.0,0.0,0.0,0.0,0.0
19.0,0.0,5.0,58.077534382926416,0.0,0.0,0.0,0.0,0.0,0.0,0.0,0.0,0.0,0.0,0.0
20.0,0.0,0.0,0.0,110.60289327137876,79.83107164506812,0.0,0.0,0.0,0.0,0.0,0.0,0.0,0.0,0.0,0.0
21.0,0.0,0.0,0.0,0.0,0.0,0.0,0.0,0.0,0.0,0.0,0.0,0.0,0.0,0.0,0.0
22.0,0.0,0.0,0.0,0.0,0.0,0.0,0.0,0.0,0.0,0.0,0.0,0.0,0.0
23.0,0.0,0.0,0.0,0.0,0.0,0.0,0.0,73.00684899377592,0.0,0.0,0.0,0.0,2.8284271247461903,7.280109889280518,0.0,0.0,0.0,43.01162633521314,0.0,4.0,116.2497311824849,0.0,15.231546211727817,0.0,143.68020044529447,0.0,60.14149981501958,55.31726674375732,20.0,13.152946437965905,8.246211251235321,7.0710678118654755,3.1622776601683795,8.06225774829855,0.0,7.0,2.0,2.23606797749979,6.708203932499369,0.0,0.0,42.04759208325728,7.0710678118654755,6.0,9.055385138137417,0.0,0.0,0.0,0.0,0.0,0.0,0.0,15.0,5.830951894845301,2.23606797749979,2.8284271247461903,1.0,4.123105625617661,0.0,0.0,0.0,0.0,0.0,0.0,0.0,0.0,0.0,1.0,0.0,0.0,229.99347816840373,0.0,0.0,0.0,0.0,0.0,0.0,0.0,0.0,0.0,0.0
24.0,0.0,0.0,28.635642126552707,24.351591323771842,19.1049731745428,0.0,33.95585369269929,0.0,0.0,70.21395872616783,0.0,13.341664064126334,1.0,0.0,15.0,0.0,18.0,0.0,0.0,0.0,0.0,0.0,0.0,0.0,0.0,0.0,0.0
25.0,0.0,0.0,52.23983154643591,37.12142238654117,37.36308338453881,24.515301344262525,0.0,0.0,0.0,0.0,0.0,0.0,0.0,0.0,0.0,0.0,0.0
26.0,0.0,0.0,0.0,0.0,0.0,0.0,0.0,0.0,291.6058984314275,0.0,1.0,0.0,0.0,0.0,0.0,0.0,0.0,0.0,0.0,0.0,0.0
27.0,0.0,0.0,0.0,0.0,0.0,61.326992425847855,1.0,0.0,0.0,0.0,0.0,0.0,0.0,0.0,0.0,0.0,49.72926703662542,16.0312195418814,28.0,20.8806130178211,18.384776310850235,8.94427190999916,6.0,0.0,0.0,0.0,0.0,0.0,0.0,41.72529209005013,10.04987562112089,3.0,3.0,1.0,0.0,5.0990195135927845,4.123105625617661,3.1622776601683795,9.899494936611665,4.0,17.204650534085253,22.0,0.0,0.0,0.0,0.0,0.0,0.0,0.0,0.0,0.0,0.0,0.0
28.0,0.0,0.0,0.0,4.0,0.0,4.0,0.0,0.0,0.0,0.0,0.0,0.0,0.0,0.0,0.0,0.0
29.0,0.0,0.0,0.0,0.0,0.0,0.0,98.68130522039117,0.0,0.0,0.0,0.0,0.0,0.0,0.0,0.0,0.0,0.0,34.713109915419565,0.0,36.345563690772494,30.01666203960727,0.0,55.362442142665635,5.0990195135927845,0.0,0.0,0.0,6.324555320336759,1.0,4.0,2.23606797749979,0.0,0.0,6.082762530298219,6.082762530298219,0.0,0.0,0.0,0.0,62.39390995922599,32.89376840679705,37.57658845611187,0.0,0.0,0.0,0.0,0.0,0.0,0.0,0.0,0.0,0.0,0.0
30.0,0.0,0.0,0.0,0.0,0.0,0.0,0.0,0.0,139.8070098385628,0.0,0.0,0.0,44.28317965096906,0.0,0.0,81.02468759581859,0.0,66.06814663663572,0.0,0.0,0.0,0.0,0.0,0.0,0.0,0.0,0.0,0.0
31.0,0.0,0.0,0.0,0.0,0.0,0.0,0.0,0.0,0.0,0.0,0.0
32.0,0.0,0.0,29.832867780352597,36.40054944640259,0.0,0.0,0.0,0.0,0.0,0.0,0.0,0.0,0.0,0.0
33.0,0.0,0.0,0.0,0.0,0.0,0.0,0.0,0.0,0.0,0.0,0.0,0.0
34.0,0.0,2.0,21.633307652783937,0.0,0.0,0.0,0.0,0.0,0.0,0.0,0.0,0.0,0.0,0.0
35.0,0.0,0.0,0.0,0.0,0.0,0.0,0.0,0.0,0.0,0.0,0.0,0.0
36.0,0.0,0.0,0.0,0.0,0.0,0.0,0.0,0.0,0.0,0.0,0.0,0.0
37.0,0.0,0.0,0.0,0.0,0.0,0.0,26.68332812825267,2.23606797749979,1.0,0.0,0.0,1.0,0.0,0.0,0.0,2.23606797749979,1.0,0.0,0.0,0.0,1.0,0.0,0.0,0.0,0.0,0.0,0.0,0.0,0.0,120.48651376813922,0.0,0.0,2.0,0.0,0.0,0.0,0.0,121.75795661885921,0.0,0.0,5.0,0.0,0.0,0.0,0.0,60.08327554319921,0.0,0.0,0.0,0.0,0.0,0.0,0.0,40.44749683231337,16.278820596099706,16.0,10.0,7.615773105863909,2.23606797749979,0.0,44.94441010848846,5.0,4.123105625617661,4.0,0.0,5.0990195135927845,6.324555320336759,2.0,2.23606797749979,2.23606797749979,1.0,5.385164807134504,8.602325267042627,3.605551275463989,2.23606797749979,1.0,0.0,0.0,4.123105625617661,0.0,36.61966684720111,0.0,0.0,0.0,0.0,0.0,0.0,0.0,0.0,0.0,0.0
38.0,0.0,0.0,45.27692569068709,0.0,68.4470598345904,77.07788269017254,0.0,0.0,0.0,0.0,0.0,0.0,0.0,0.0,0.0,0.0
39.0,0.0,0.0,42.485291572496,0.0,0.0,0.0,0.0,0.0,0.0,0.0,0.0,0.0,0.0
40.0,0.0,16.76305461424021,13.92838827718412,9.433981132056603,0.0,0.0,125.70600622086441,0.0,0.0,0.0,0.0,0.0,0.0,0.0,0.0,0.0,0.0,0.0,15.0,0.0,0.0,0.0,0.0,0.0,0.0,0.0,0.0,0.0,0.0,0.0
41.0,0.0,6.082762530298219,0.0,0.0,4.123105625617661,32.89376840679705,0.0,34.17601498127012,0.0,0.0,0.0,3.605551275463989,1.4142135623730951,0.0,0.0,5.656854249492381,2.23606797749979,6.708203932499369,1.4142135623730951,3.0,0.0,0.0,3.1622776601683795,2.23606797749979,0.0,13.601470508735444,0.0,17.26267650163207,1.0,2.23606797749979,3.1622776601683795,5.0,0.0,1.0,2.23606797749979,0.0,6.324555320336759,0.0,0.0,2.8284271247461903,0.0,7.0,0.0,0.0,1.4142135623730951,0.0,3.1622776601683795,0.0,2.0,2.23606797749979,3.1622776601683795,0.0,20.615528128088304,1.0,0.0,0.0,0.0,0.0,0.0,0.0,0.0,0.0,0.0,0.0
42.0,0.0,0.0,0.0,0.0,0.0,0.0,0.0,0.0,0.0,0.0,134.73678042761748,21.02379604162864,29.0,24.08318915758459,21.095023109728988,26.30589287593181,22.0,24.0,25.96150997149434,28.0178514522438,30.870698080866262,2.23606797749979,40.496913462633174,13.601470508735444,0.0,0.0,0.0,0.0,0.0,0.0,0.0,0.0,0.0,11.40175425099138,0.0,0.0,46.51881339845203,0.0,30.083217912982647,0.0,0.0,0.0,0.0,0.0,0.0,0.0,0.0,0.0,96.60745312862771,0.0,58.872744118140105,71.69379331573968,112.27199116431488,0.0,0.0,0.0,0.0,211.0781845667619,1.0,0.0,0.0,0.0,1.4142135623730951,0.0,0.0,0.0,0.0,10.198039027185569,0.0,0.0,0.0,0.0,0.0,0.0,0.0,0.0,0.0,0.0
43.0,0.0,0.0,0.0,0.0,0.0,0.0,0.0,0.0,0.0,0.0,0.0,0.0
44.0,0.0,0.0,0.0,0.0,0.0,0.0,0.0,0.0,0.0,0.0,0.0,0.0,36.069377593742864,0.0,67.80117993073571,12.0,32.55764119219941,34.66987164671943,19.924858845171276,9.219544457292887,8.06225774829855,8.246211251235321,10.63014581273465,7.0,7.211102550927978,11.661903789690601,0.0,0.0,0.0,0.0,0.0,0.0,0.0,0.0,0.0,0.0
45.0,0.0,0.0,83.72574275573791,87.0976463516667,0.0,0.0,0.0,0.0,68.46897107449476,0.0,0.0,0.0,0.0,0.0,59.22837157984339,0.0,0.0,0.0,0.0,0.0,0.0,0.0,0.0,0.0,0.0,0.0
46.0,0.0,26.40075756488817,16.1245154965971,13.152946437965905,15.524174696260024,13.92838827718412,12.206555615733702,8.246211251235321,11.0,17.46424919657298,21.37755832643195,20.396078054371138,16.1245154965971,10.0,11.180339887498949,13.152946437965905,0.0,0.0,0.0,0.0,0.0,0.0,0.0,0.0,0.0,0.0
47.0,0.0,16.0,0.0,0.0,0.0,0.0,0.0,0.0,0.0,0.0,0.0,0.0,0.0
48.0,0.0,0.0,0.0,0.0,0.0,0.0,0.0,0.0,0.0,0.0,0.0
49.0,0.0,0.0,83.3606621854697,0.0,0.0,0.0,0.0,78.00640999302557,10.198039027185569,0.0,0.0,0.0,12.0,0.0,3.605551275463989,0.0,2.23606797749979,4.47213595499958,0.0,0.0,0.0,0.0,0.0,0.0,0.0,6.324555320336759,0.0,2.23606797749979,0.0,6.324555320336759,0.0,0.0,0.0,0.0,92.39588735436226,0.0,0.0,0.0,0.0,0.0,0.0,0.0,0.0,18.439088914585774,8.0,0.0,0.0,0.0,0.0,0.0,0.0,0.0,0.0,0.0,0.0
50.0,0.0,1.0,26.248809496813376,25.632011235952593,39.11521443121589,0.0,0.0,0.0,0.0,0.0,98.35141076771599,6.0,23.769728648009426,6.708203932499369,5.656854249492381,5.385164807134504,0.0,1.4142135623730951,2.0,1.4142135623730951,7.0710678118654755,10.198039027185569,2.23606797749979,1.0,2.23606797749979,1.0,2.8284271247461903,1.4142135623730951,5.0,7.280109889280518,3.0,21.0,10.816653826391969,13.0,40.607881008493905,17.0,0.0,0.0,0.0,0.0,0.0,0.0,0.0,54.48853090330111,0.0,139.18692467326088,39.6232255123179,27.892651361962706,9.899494936611665,5.0,0.0,0.0,0.0,0.0,0.0,43.08131845707603,0.0,0.0,0.0,0.0,0.0,0.0,0.0,0.0,0.0,0.0
51.0,0.0,0.0,0.0,0.0,0.0,0.0,0.0,0.0,32.57299494980466,0.0,0.0,0.0,0.0,0.0,0.0,0.0,0.0,0.0,0.0
52.0,0.0,0.0,0.0,0.0,0.0,0.0,0.0,0.0,0.0,0.0,0.0,116.84177335182824,0.0,43.46262762420146,36.71511950137164,59.90826320300064,24.698178070456937,20.12461179749811,10.198039027185569,3.0,0.0,2.23606797749979,3.1622776601683795,3.605551275463989,5.385164807134504,10.0,0.0,8.602325267042627,0.0,0.0,0.0,0.0,0.0,0.0,24.698178070456937,7.211102550927978,2.23606797749979,8.246211251235321,2.23606797749979,5.0990195135927845,5.0990195135927845,0.0,9.055385138137417,8.94427190999916,9.486832980505138,37.21558813185679,38.897300677553446,0.0,0.0,0.0,0.0,0.0,0.0,0.0,0.0,109.41663493271945,0.0,0.0,0.0,0.0,0.0,0.0,0.0,0.0,0.0,112.92918134831227,0.0,0.0,0.0,0.0,0.0,0.0,46.61544808322666,0.0,0.0,0.0,86.53900854527974,0.0,0.0,0.0,0.0,0.0,82.96987405076617,0.0,2.23606797749979,0.0,0.0,0.0,0.0,0.0,0.0,0.0,3.605551275463989,1.0,0.0,0.0,0.0,0.0,0.0,0.0,0.0,0.0,0.0,1.4142135623730951,0.0,0.0,0.0,0.0,8.246211251235321,0.0,8.0,1.4142135623730951,0.0,0.0,0.0,0.0,0.0,0.0,0.0,0.0,0.0,2.0,0.0,0.0,43.68065933568311,26.0,24.758836806279895,10.63014581273465,9.848857801796104,8.54400374531753,17.029386365926403,14.142135623730951,0.0,7.0,1.0,0.0,4.123105625617661,8.94427190999916,13.601470508735444,4.0,3.1622776601683795,3.1622776601683795,8.246211251235321,7.0,0.0,18.0,9.0,2.0,2.23606797749979,2.23606797749979,1.0,2.0,1.0,1.0,2.8284271247461903,1.4142135623730951,0.0,1.4142135623730951,3.0,1.0,2.23606797749979,1.0,1.4142135623730951,2.23606797749979,1.0,1.0,1.4142135623730951,1.0,0.0,0.0,5.385164807134504,3.1622776601683795,1.0,3.605551275463989,2.0,2.23606797749979,2.23606797749979,3.605551275463989,1.0,6.082762530298219,0.0,5.0,4.242640687119285,2.8284271247461903,4.242640687119285,6.4031242374328485,5.0990195135927845,2.8284271247461903,0.0,0.0,0.0,0.0,0.0,0.0,0.0,0.0,0.0,0.0
53.0,0.0,0.0,39.11521443121589,27.586228448267445,0.0,0.0,0.0,0.0,0.0,0.0,139.30183056945089,0.0,0.0,0.0,0.0,0.0,146.23952953972466,0.0,4.123105625617661,0.0,6.4031242374328485,3.0,1.0,0.0,0.0,3.1622776601683795,3.1622776601683795,0.0,1.4142135623730951,0.0,0.0,0.0,0.0,0.0,0.0,0.0,0.0,0.0,30.805843601498726,0.0,53.85164807134504,46.32493928760188,0.0,0.0,0.0,103.81233067415451,22.20360331117452,17.72004514666935,15.231546211727817,17.26267650163207,16.0,5.0,0.0,0.0,0.0,32.202484376209235,0.0,0.0,0.0,0.0,0.0,0.0,0.0,17.029386365926403,18.24828759089466,0.0,0.0,3.605551275463989,4.123105625617661,0.0,0.0,0.0,0.0,0.0,18.788294228055936,0.0,20.024984394500787,0.0,1.0,0.0,1.4142135623730951,0.0,2.23606797749979,0.0,2.8284271247461903,0.0,4.123105625617661,2.23606797749979,5.0,2.23606797749979,4.0,20.12461179749811,0.0,16.55294535724685,4.47213595499958,1.0,2.8284271247461903,1.4142135623730951,1.0,1.0,0.0,3.0,1.0,10.44030650891055,11.180339887498949,7.0,5.0,0.0,0.0,11.180339887498949,12.727922061357855,23.259406699226016,1.4142135623730951,26.40075756488817,0.0,22.20360331117452,3.0,6.0,0.0,2.23606797749979,0.0,26.90724809414742,1.0,24.839484696748443,8.06225774829855,24.698178070456937,32.984845004941285,37.64306044943742,0.0,0.0,0.0,0.0,0.0,0.0,0.0,0.0,0.0,0.0,0.0
54.0,0.0,0.0,0.0,0.0,0.0,0.0,114.20157617125956,0.0,0.0,0.0,0.0,0.0,0.0,0.0,0.0,0.0,0.0,0.0
55.0,0.0,0.0,0.0,0.0,0.0,124.66354719804824,0.0,0.0,0.0,0.0,0.0,0.0,0.0,0.0,0.0,0.0,0.0
56.0,0.0,0.0,42.1070065428546,9.486832980505138,16.278820596099706,21.95449840010015,27.459060435491963,1.0,30.14962686336267,55.036351623268054,19.0,16.1245154965971,16.76305461424021,20.024984394500787,26.0,23.021728866442675,22.80350850198276,16.278820596099706,4.123105625617661,0.0,0.0,0.0,70.32780389006896,8.0,26.248809496813376,21.0,21.095023109728988,0.0,0.0,10.0,9.0,0.0,0.0,0.0,0.0,0.0,0.0,0.0,0.0,0.0,0.0
57.0,0.0,0.0,0.0,0.0,0.0,0.0,0.0,0.0,0.0,0.0,191.9505144562004,0.0,37.36308338453881,0.0,0.0,0.0,0.0,0.0,88.0056816347672,0.0,0.0,0.0,0.0,0.0,0.0,0.0,0.0,0.0,0.0,0.0
58.0,0.0,17.08800749063506,12.041594578792296,0.0,0.0,0.0,0.0,0.0,0.0,0.0,121.1156472137271,29.154759474226502,0.0,29.017236257093817,0.0,0.0,0.0,0.0,0.0,0.0,0.0,0.0,0.0,0.0
59.0,0.0,5.0,1.0,1.0,0.0,0.0,3.0,0.0,21.93171219946131,20.248456731316587,17.46424919657298,15.524174696260024,14.560219778561036,15.524174696260024,3.0,0.0,0.0,0.0,0.0,0.0,0.0,0.0,0.0,0.0,0.0
60.0,0.0,0.0,0.0,20.615528128088304,20.0,47.50789408087881,21.0,13.038404810405298,0.0,0.0,0.0,39.6232255123179,2.0,0.0,3.1622776601683795,1.0,14.317821063276353,1.0,0.0,0.0,0.0,12.0,0.0,0.0,29.966648127543394,0.0,26.0,0.0,0.0,0.0,15.264337522473747,0.0,43.04648650006177,0.0,17.0,0.0,9.486832980505138,0.0,12.041594578792296,12.806248474865697,0.0,0.0,0.0,0.0,0.0,0.0,0.0,0.0,0.0,0.0
61.0,0.0,0.0,57.0087712549569,69.31810730249349,73.17103251970687,27.0,19.0,58.872744118140105,0.0,0.0,0.0,188.09572031282372,5.385164807134504,3.1622776601683795,0.0,0.0,0.0,0.0,0.0,0.0,0.0,133.09395177843356,0.0,0.0,0.0,0.0,85.15867542417507,0.0,46.69047011971501,0.0,0.0,0.0,0.0,0.0,0.0,0.0,0.0,0.0,0.0,0.0
62.0,0.0,0.0,18.0,0.0,5.0,0.0,7.280109889280518,0.0,0.0,0.0,0.0,0.0,0.0,0.0,0.0,0.0,26.0,0.0,0.0,0.0,0.0,0.0,0.0,0.0,0.0,0.0,0.0
63.0,0.0,0.0,0.0,0.0,0.0,0.0,0.0,0.0,0.0,0.0,0.0,0.0,0.0
64.0,0.0,9.433981132056603,10.816653826391969,0.0,0.0,0.0,0.0,0.0,0.0,0.0,0.0,82.76472678623425,2.8284271247461903,164.45364088398895,16.401219466856727,12.0,17.029386365926403,7.0,0.0,0.0,0.0,0.0,0.0,0.0,0.0,0.0,0.0,0.0
65.0,0.0,33.0,30.083217912982647,31.064449134018133,31.064449134018133,25.059928172283335,17.029386365926403,14.0,13.0,13.152946437965905,16.492422502470642,0.0,20.09975124224178,9.433981132056603,7.280109889280518,12.165525060596439,0.0,0.0,0.0,0.0,0.0,8.06225774829855,0.0,0.0,0.0,12.529964086141668,0.0,0.0,0.0,0.0,0.0,0.0,0.0,0.0,0.0,0.0,0.0
66.0,0.0,0.0,0.0,0.0,0.0,0.0,0.0,212.8778992756176,0.0,66.48308055437865,76.53757247260981,0.0,0.0,0.0,0.0,0.0,0.0,0.0,146.4923206178399,0.0,69.1158447825099,0.0,0.0,0.0,0.0,66.73080248281148,0.0,0.0,0.0,0.0,0.0,0.0,0.0,0.0,0.0,0.0,0.0
67.0,0.0,11.0,12.806248474865697,10.770329614269007,0.0,22.561028345356956,9.848857801796104,48.703182647543684,0.0,0.0,0.0,0.0,0.0,0.0,110.01818031580054,32.0,0.0,24.0,36.49657518178932,0.0,0.0,0.0,0.0,0.0,0.0,0.0,0.0,0.0,0.0
68.0,0.0,0.0,0.0,0.0,0.0,0.0,0.0,0.0,0.0,0.0,0.0
69.0,0.0,0.0,0.0,0.0,0.0,254.0,0.0,0.0,0.0,0.0,0.0,0.0,0.0,0.0,0.0,0.0
70.0,0.0,1.0,0.0,0.0,0.0,260.3247971285102,0.0,35.73513677041127,0.0,0.0,0.0,0.0,0.0,0.0,0.0,0.0,0.0,0.0,3.605551275463989,2.23606797749979,2.23606797749979,0.0,0.0,0.0,54.42425929675111,0.0,56.92099788303083,0.0,1.0,0.0,3.605551275463989,0.0,0.0,0.0,0.0,3.1622776601683795,30.23243291566195,13.601470508735444,5.0,0.0,10.198039027185569,17.69180601295413,25.019992006393608,3.605551275463989,2.23606797749979,0.0,1.0,0.0,0.0,0.0,0.0,0.0,0.0,10.198039027185569,1.4142135623730951,0.0,0.0,0.0,0.0,0.0,3.605551275463989,0.0,4.123105625617661,0.0,0.0,10.198039027185569,2.23606797749979,1.4142135623730951,7.280109889280518,2.0,1.4142135623730951,2.23606797749979,1.0,10.44030650891055,11.704699910719626,0.0,6.324555320336759,7.211102550927978,1.4142135623730951,2.0,3.1622776601683795,13.416407864998739,18.601075237738275,23.0,27.730849247724095,0.0,0.0,0.0,0.0,0.0,0.0,0.0,0.0,0.0,0.0
71.0,0.0,0.0,0.0,0.0,0.0,0.0,0.0,0.0,0.0,0.0,0.0,0.0,0.0
72.0,0.0,0.0,0.0,105.38500842150178,113.95174417269794,0.0,0.0,0.0,0.0,0.0,0.0,0.0,0.0,0.0,0.0
73.0,0.0,3.0,0.0,0.0,17.4928556845359,17.029386365926403,9.0,5.0,17.0,16.0,12.0,2.23606797749979,16.0312195418814,0.0,0.0,0.0,0.0,0.0,0.0,0.0,0.0,0.0,0.0
74.0,0.0,0.0,0.0,42.638011210655684,1.0,0.0,0.0,0.0,0.0,0.0,0.0,0.0,0.0,0.0,0.0
75.0,0.0,0.0,0.0,0.0,0.0,0.0,21.095023109728988,1.0,1.4142135623730951,1.0,0.0,2.23606797749979,1.4142135623730951,3.0,0.0,0.0,0.0,0.0,0.0,0.0,1.4142135623730951,1.0,0.0,0.0,4.123105625617661,0.0,0.0,0.0,0.0,0.0,0.0,0.0,5.0990195135927845,1.0,0.0,1.4142135623730951,1.0,0.0,9.055385138137417,6.082762530298219,1.0,4.123105625617661,1.0,2.8284271247461903,0.0,0.0,0.0,0.0,0.0,0.0,0.0,1.0,1.0,1.4142135623730951,0.0,0.0,91.8313671900838,0.0,0.0,7.0710678118654755,9.486832980505138,14.035668847618199,5.0,8.06225774829855,16.1245154965971,0.0,0.0,0.0,0.0,0.0,0.0,0.0,0.0,0.0,0.0,0.0
76.0,0.0,0.0,0.0,0.0,0.0,0.0,0.0,0.0,0.0,0.0,0.0
77.0,0.0,0.0,0.0,0.0,0.0,0.0,0.0,0.0,0.0,0.0,0.0,0.0
78.0,0.0,3.605551275463989,2.23606797749979,0.0,0.0,1.0,2.0,1.4142135623730951,0.0,1.0,1.0,29.274562336608895,6.082762530298219,1.0,4.123105625617661,7.280109889280518,7.0,1.4142135623730951,8.06225774829855,0.0,0.0,3.605551275463989,4.123105625617661,6.0,2.23606797749979,4.123105625617661,6.0,8.0,14.560219778561036,24.20743687382041,27.65863337187866,21.095023109728988,0.0,30.0,0.0,111.12605455067681,38.0,31.0,14.0,5.0,5.0,0.0,98.0,18.0,0.0,0.0,0.0,0.0,0.0,0.0,0.0,0.0,0.0,0.0
79.0,0.0,0.0,0.0,0.0,27.202941017470888,0.0,0.0,0.0,0.0,6.082762530298219,0.0,27.51363298439521,0.0,3.1622776601683795,6.082762530298219,1.0,5.0990195135927845,0.0,0.0,1.0,0.0,0.0,9.0,10.816653826391969,1.0,1.0,1.0,0.0,0.0,0.0,2.23606797749979,3.1622776601683795,0.0,0.0,2.0,1.0,2.0,1.0,16.492422502470642,15.297058540778355,3.0,0.0,2.0,2.23606797749979,0.0,1.4142135623730951,1.4142135623730951,1.0,0.0,1.0,1.0,0.0,2.23606797749979,1.4142135623730951,2.0,1.0,2.0,0.0,0.0,3.0,0.0,0.0,5.0,1.0,2.0,1.0,1.4142135623730951,1.0,2.8284271247461903,0.0,2.0,2.23606797749979,2.0,9.055385138137417,0.0,3.1622776601683795,3.0,0.0,2.23606797749979,1.0,6.324555320336759,0.0,0.0,8.06225774829855,3.0,19.0,6.324555320336759,7.0,3.1622776601683795,2.23606797749979,2.8284271247461903,1.0,4.0,0.0,1.0,2.23606797749979,2.23606797749979,3.605551275463989,4.0,0.0,0.0,8.246211251235321,1.0,2.23606797749979,18.027756377319946,0.0,24.041630560342615,28.0178514522438,0.0,0.0,0.0,0.0,0.0,0.0,0.0,0.0,0.0,0.0
80.0,0.0,3.0,3.1622776601683795,6.0,7.0710678118654755,6.0,0.0,7.0,0.0,0.0,0.0,0.0,26.92582403567252,0.0,0.0,0.0,0.0,0.0,0.0,0.0,0.0,0.0,0.0
81.0,0.0,0.0,47.80167361086848,0.0,0.0,0.0,0.0,0.0,104.38869670610895,0.0,0.0,0.0,0.0,14.317821063276353,0.0,0.0,0.0,0.0,0.0,0.0,0.0,0.0,0.0,0.0,0.0
82.0,0.0,0.0,0.0,0.0,0.0,0.0,0.0,0.0,0.0,0.0,0.0,0.0
83.0,0.0,0.0,0.0,0.0,0.0,0.0,0.0,0.0,0.0,0.0,0.0
84.0,0.0,0.0,58.25804665451803,71.06335201775947,0.0,63.324560795950255,56.356011214421486,76.96752561957543,0.0,0.0,0.0,0.0,0.0,0.0,131.7269904006009,0.0,0.0,0.0,0.0,0.0,0.0,0.0,0.0,0.0,0.0
85.0,0.0,31.0,26.0,9.0,0.0,0.0,0.0,0.0,0.0,0.0,0.0,0.0,0.0,0.0,0.0,0.0
86.0,0.0,24.73863375370596,29.154759474226502,35.805027579936315,0.0,31.0,0.0,0.0,0.0,0.0,0.0,0.0,0.0,0.0,0.0,0.0,0.0
87.0,0.0,0.0,0.0,0.0,0.0,0.0,123.76186811776881,0.0,41.012193308819754,0.0,0.0,0.0,0.0,0.0,0.0,15.620499351813308,1.0,0.0,0.0,0.0,0.0,0.0,0.0,0.0,0.0,0.0,0.0,0.0
88.0,0.0,40.8166632639171,0.0,0.0,0.0,0.0,0.0,0.0,0.0,0.0,0.0,0.0
89.0,0.0,0.0,23.323807579381203,0.0,12.165525060596439,0.0,0.0,0.0,0.0,0.0,0.0,0.0,66.88796603276258,9.219544457292887,0.0,0.0,0.0,0.0,0.0,0.0,0.0,0.0,0.0,0.0,0.0,0.0
90.0,0.0,0.0,21.587033144922902,17.46424919657298,0.0,105.30432089900205,10.0,21.400934559032695,12.36931687685298,10.816653826391969,12.727922061357855,0.0,11.0,19.4164878389476,0.0,0.0,0.0,0.0,0.0,0.0,0.0,0.0,0.0,0.0
91.0,0.0,15.652475842498529,38.28837943815329,13.038404810405298,26.0,0.0,0.0,0.0,43.289721643826724,0.0,0.0,0.0,79.40403012442127,0.0,0.0,0.0,0.0,0.0,0.0,0.0,0.0,0.0,0.0,0.0
92.0,0.0,0.0,1.4142135623730951,0.0,59.841457201508724,91.0494371207203,0.0,0.0,79.25906888173743,0.0,0.0,71.84705978674423,53.03772242470448,0.0,0.0,0.0,128.191263352851,0.0,83.15046602394962,130.98091464026353,0.0,0.0,0.0,0.0,208.54016399725018,0.0,0.0,0.0,0.0,0.0,0.0,0.0,0.0,0.0,0.0,0.0
93.0,0.0,0.0,49.20365840057018,62.64982043070834,0.0,0.0,0.0,0.0,0.0,0.0,0.0,13.92838827718412,0.0,0.0,0.0,68.59300255857006,1.0,0.0,0.0,0.0,0.0,0.0,0.0,0.0,0.0,0.0,0.0
94.0,0.0,0.0,0.0,0.0,0.0,0.0,0.0,0.0,0.0,0.0,0.0,0.0,0.0
95.0,0.0,31.0,28.160255680657446,12.0,9.055385138137417,12.529964086141668,2.23606797749979,0.0,6.0,13.892443989449804,0.0,0.0,0.0,0.0,0.0,0.0,12.041594578792296,0.0,39.0,54.78138369920935,64.8459713474939,5.830951894845301,0.0,12.041594578792296,19.209372712298546,18.0,96.60227740586657,0.0,0.0,0.0,0.0,0.0,0.0,0.0,0.0,0.0,0.0
96.0,0.0,0.0,0.0,119.01680553602503,0.0,0.0,0.0,0.0,0.0,49.040799340956916,0.0,0.0,7.615773105863909,0.0,29.274562336608895,8.54400374531753,12.649110640673518,10.770329614269007,8.54400374531753,11.045361017187261,10.816653826391969,14.212670403551895,0.0,9.899494936611665,10.0,11.180339887498949,9.219544457292887,3.1622776601683795,0.0,1.4142135623730951,5.0990195135927845,4.0,2.23606797749979,2.0,0.0,5.385164807134504,2.0,0.0,35.014282800023196,5.0,0.0,0.0,0.0,0.0,0.0,0.0,0.0,0.0,0.0,0.0
97.0,0.0,15.033296378372908,22.0,0.0,0.0,18.973665961010276,18.439088914585774,16.55294535724685,0.0,0.0,0.0,0.0,0.0,0.0,0.0,0.0,0.0,0.0
98.0,0.0,1.0,72.03471385380801,13.0,22.360679774997898,0.0,0.0,0.0,8.06225774829855,0.0,0.0,0.0,0.0,0.0,0.0,0.0,36.6742416417845,2.23606797749979,7.280109889280518,10.295630140987,10.63014581273465,6.4031242374328485,0.0,6.0,5.0,4.47213595499958,0.0,0.0,0.0,0.0,0.0,0.0,0.0,0.0,0.0,0.0,0.0,11.180339887498949,6.0,0.0,0.0,0.0,0.0,0.0,0.0,0.0,0.0,0.0,0.0
99.0,0.0,0.0,0.0,0.0,0.0,0.0,0.0,66.75327707311455,0.0,13.892443989449804,0.0,0.0,0.0,0.0,0.0,0.0,0.0,0.0,0.0,0.0,0.0
100.0,0.0,9.486832980505138,4.47213595499958,10.816653826391969,15.297058540778355,17.69180601295413,0.0,8.602325267042627,11.045361017187261,20.024984394500787,0.0,0.0,0.0,0.0,0.0,0.0,0.0,0.0,0.0,0.0,0.0
101.0,0.0,18.601075237738275,0.0,0.0,0.0,0.0,0.0,12.041594578792296,18.35755975068582,0.0,0.0,15.524174696260024,0.0,0.0,0.0,0.0,0.0,0.0,0.0,0.0,0.0,0.0,0.0,45.617978911828175,0.0,33.015148038438355,36.0,13.601470508735444,5.385164807134504,0.0,0.0,0.0,0.0,42.44997055358225,3.605551275463989,4.0,3.1622776601683795,0.0,0.0,0.0,0.0,0.0,0.0,0.0,128.3199127181748,0.0,0.0,1.0,0.0,115.83609109426992,1.0,112.76967677527502,0.0,0.0,0.0,3.1622776601683795,1.0,4.0,0.0,2.8284271247461903,6.324555320336759,0.0,0.0,4.0,0.0,0.0,0.0,0.0,4.0,0.0,0.0,0.0,0.0,1.0,2.0,2.0,0.0,0.0,0.0,0.0,0.0,0.0,0.0,0.0,4.0,0.0,0.0,0.0,0.0,0.0,0.0,3.0,0.0,0.0,0.0,0.0,0.0,0.0,4.123105625617661,2.23606797749979,0.0,0.0,0.0,0.0,0.0,0.0,0.0,0.0,0.0,0.0
102.0,0.0,8.0,0.0,0.0,0.0,0.0,0.0,0.0,0.0,0.0,0.0,0.0
103.0,0.0,23.0,44.82186966202994,28.653097563788805,24.413111231467404,4.123105625617661,14.0,26.92582403567252,0.0,33.61547262794322,15.0,0.0,0.0,0.0,0.0,0.0,0.0,0.0,0.0,0.0,0.0
104.0,0.0,0.0,0.0,0.0,0.0,0.0,0.0,0.0,0.0,0.0,72.11102550927978,27.0,2.0,0.0,0.0,0.0,0.0,0.0,0.0,0.0,0.0,0.0,0.0
105.0,0.0,0.0,0.0,0.0,0.0,0.0,0.0,0.0,0.0,0.0,0.0
106.0,0.0,6.0,0.0,0.0,1.4142135623730951,0.0,0.0,0.0,0.0,3.1622776601683795,0.0,0.0,0.0,4.0,0.0,0.0,2.23606797749979,0.0,0.0,0.0,0.0,0.0,0.0,0.0,0.0,0.0,0.0,0.0
107.0,0.0,91.35097153287424,0.0,0.0,0.0,0.0,95.33624704172071,0.0,4.47213595499958,0.0,0.0,0.0,0.0,9.0,1.0,1.0,4.47213595499958,15.033296378372908,11.045361017187261,0.0,0.0,3.605551275463989,21.095023109728988,0.0,0.0,0.0,59.481089431852205,0.0,0.0,0.0,0.0,0.0,0.0,0.0,0.0,0.0,0.0,0.0
108.0,0.0,0.0,0.0,0.0,0.0,0.0,0.0,0.0,0.0,166.41213898030395,0.0,0.0,0.0,0.0,0.0,0.0,0.0,0.0,0.0,0.0
109.0,0.0,0.0,0.0,0.0,0.0,0.0,0.0,0.0,0.0,0.0,0.0,0.0
110.0,0.0,6.324555320336759,9.055385138137417,4.123105625617661,0.0,3.1622776601683795,2.23606797749979,0.0,2.0,0.0,2.23606797749979,5.0990195135927845,4.0,7.0,5.0,2.0,0.0,13.892443989449804,6.0,3.1622776601683795,6.4031242374328485,1.0,0.0,1.4142135623730951,4.0,3.1622776601683795,2.23606797749979,1.0,0.0,0.0,7.280109889280518,6.082762530298219,1.0,2.23606797749979,3.1622776601683795,5.0990195135927845,2.23606797749979,2.23606797749979,1.0,1.4142135623730951,0.0,4.123105625617661,4.47213595499958,8.602325267042627,13.038404810405298,0.0,0.0,0.0,0.0,0.0,0.0,0.0,0.0,0.0,0.0
111.0,0.0,7.0,14.212670403551895,12.165525060596439,0.0,16.76305461424021,9.219544457292887,0.0,1.0,0.0,29.068883707497267,15.0,40.0,10.0,5.0,3.0,0.0,0.0,0.0,0.0,0.0,0.0,0.0,0.0,0.0,0.0
112.0,0.0,24.020824298928627,3.0,22.80350850198276,0.0,28.861739379323623,29.154759474226502,0.0,34.132096331752024,0.0,0.0,62.03224967708329,0.0,16.401219466856727,10.0,16.401219466856727,0.0,10.770329614269007,16.1245154965971,5.0990195135927845,6.0,0.0,0.0,0.0,0.0,0.0,0.0,0.0,0.0,0.0,0.0
113.0,0.0,0.0,0.0,0.0,0.0,0.0,0.0,0.0,0.0,0.0,0.0
114.0,0.0,0.0,0.0,0.0,152.55490814785344,0.0,0.0,0.0,111.15754585272202,5.0,0.0,0.0,0.0,4.0,0.0,0.0,0.0,1.0,0.0,155.7562197795003,1.0,0.0,0.0,0.0,0.0,0.0,0.0,0.0,0.0,0.0,0.0,0.0
115.0,0.0,0.0,0.0,0.0,0.0,0.0,0.0,0.0,0.0,0.0,0.0,0.0
116.0,0.0,0.0,0.0,0.0,0.0,0.0,0.0,0.0,0.0,0.0,0.0
117.0,0.0,0.0,65.52098900352466,0.0,0.0,0.0,0.0,0.0,0.0,0.0,202.03960007879644,0.0,0.0,0.0,0.0,0.0,0.0,135.36617007214173,1.0,0.0,0.0,0.0,0.0,0.0,0.0,0.0,2.23606797749979,0.0,0.0,0.0,0.0,0.0,0.0,0.0,89.05054744357274,0.0,142.00352108310554,18.0,46.75467891024384,7.0,5.830951894845301,12.0,22.090722034374522,24.08318915758459,0.0,26.076809620810597,25.0,0.0,0.0,0.0,93.29523031752481,0.0,0.0,0.0,0.0,0.0,0.0,95.33624704172071,0.0,36.89173349139343,32.202484376209235,45.0,17.0,11.180339887498949,20.615528128088304,23.0,0.0,0.0,0.0,0.0,0.0,0.0,0.0,0.0,0.0,0.0
118.0,0.0,0.0,0.0,0.0,69.63476143421474,0.0,14.212670403551895,14.560219778561036,6.4031242374328485,0.0,26.40075756488817,30.805843601498726,19.0,0.0,0.0,0.0,0.0,0.0,0.0,0.0,31.76476034853718,1.0,3.605551275463989,1.0,0.0,3.605551275463989,3.605551275463989,0.0,8.602325267042627,20.0,0.0,0.0,0.0,0.0,0.0,0.0,0.0,0.0,0.0,0.0
119.0,0.0,0.0,0.0,0.0,0.0,0.0,0.0,0.0,0.0,0.0,0.0,0.0
120.0,0.0,29.0,0.0,12.0,0.0,0.0,0.0,0.0,13.038404810405298,14.035668847618199,11.045361017187261,6.0,15.652475842498529,46.2709412050371,0.0,23.021728866442675,29.017236257093817,2.0,2.23606797749979,6.324555320336759,1.0,3.0,15.524174696260024,17.0,0.0,0.0,0.0,9.848857801796104,11.0,11.661903789690601,6.708203932499369,9.219544457292887,0.0,0.0,0.0,0.0,0.0,0.0,0.0,0.0,0.0,0.0,22.847319317591726,0.0,0.0,0.0,0.0,0.0,0.0,0.0,0.0,0.0,0.0,0.0,75.8023746329889,30.675723300355934,18.384776310850235,0.0,0.0,0.0,0.0,0.0,0.0,0.0,0.0,0.0,15.556349186104045,8.06225774829855,5.0990195135927845,2.23606797749979,0.0,0.0,0.0,0.0,0.0,0.0,0.0,0.0,0.0,0.0
121.0,0.0,0.0,0.0,51.19570294468082,43.04648650006177,15.811388300841896,19.235384061671343,0.0,28.42534080710379,0.0,0.0,0.0,0.0,0.0,0.0,0.0,0.0,0.0,0.0
122.0,0.0,0.0,0.0,0.0,0.0,0.0,0.0,7.280109889280518,0.0,0.0,26.419689627245813,17.46424919657298,18.35755975068582,21.02379604162864,18.788294228055936,9.219544457292887,0.0,8.246211251235321,15.0,12.0,0.0,0.0,0.0,111.25196627475849,0.0,29.832867780352597,30.4138126514911,48.010415536631214,0.0,104.62313319720452,0.0,40.792156108742276,3.0,0.0,20.09975124224178,1.4142135623730951,2.8284271247461903,5.656854249492381,5.0990195135927845,5.0990195135927845,0.0,10.44030650891055,12.206555615733702,30.805843601498726,10.816653826391969,0.0,7.0,9.219544457292887,10.816653826391969,10.816653826391969,22.561028345356956,2.0,0.0,1.0,8.06225774829855,0.0,9.486832980505138,4.242640687119285,5.0990195135927845,0.0,1.0,1.0,0.0,3.605551275463989,0.0,1.0,0.0,0.0,4.0,0.0,0.0,2.23606797749979,2.0,2.0,0.0,0.0,0.0,0.0,0.0,3.1622776601683795,1.0,0.0,0.0,0.0,0.0,352.0908973546462,0.0,0.0,0.0,0.0,0.0,0.0,0.0,0.0,0.0,0.0,0.0,0.0
123.0,0.0,9.219544457292887,25.0,0.0,0.0,20.808652046684813,0.0,0.0,61.29437168288782,0.0,0.0,0.0,0.0,62.433965115151864,0.0,0.0,0.0,0.0,0.0,0.0,0.0,0.0,0.0,0.0,0.0,49.24428900898052,0.0,0.0,49.57822102496216,50.20956084253277,70.57619995437555,0.0,0.0,0.0,0.0,0.0,0.0,0.0,0.0,0.0,0.0,0.0,0.0
124.0,0.0,0.0,0.0,0.0,0.0,0.0,0.0,17.029386365926403,0.0,0.0,0.0,0.0,52.0,0.0,0.0,0.0,0.0,0.0,0.0,0.0,0.0,0.0,0.0,0.0
125.0,0.0,0.0,63.245553203367585,0.0,27.202941017470888,25.0,18.973665961010276,21.95449840010015,0.0,0.0,0.0,49.8196748283246,7.0,0.0,0.0,0.0,0.0,0.0,0.0,0.0,0.0,0.0,0.0
126.0,0.0,0.0,80.23091673413684,0.0,0.0,0.0,0.0,74.73285756613352,0.0,41.86884283091664,25.317977802344327,24.186773244895647,19.849433241279208,17.46424919657298,19.6468827043885,0.0,22.090722034374522,26.419689627245813,0.0,0.0,0.0,0.0,0.0,0.0,0.0,0.0,0.0,0.0
127.0,0.0,15.033296378372908,0.0,0.0,0.0,0.0,47.80167361086848,0.0,0.0,0.0,0.0,59.665735560705194,1.0,0.0,0.0,0.0,115.03912377969506,0.0,0.0,0.0,0.0,12.206555615733702,0.0,0.0,0.0,0.0,0.0,0.0,0.0,0.0,0.0,0.0,0.0,0.0
128.0,0.0,0.0,0.0,0.0,0.0,0.0,0.0,0.0,0.0,0.0,0.0,0.0
129.0,0.0,0.0,18.027756377319946,0.0,0.0,0.0,0.0,0.0,0.0,36.49657518178932,0.0,0.0,0.0,0.0,0.0,0.0,0.0,0.0,0.0,69.77105417004964,0.0,0.0,0.0,0.0,0.0,0.0,0.0,0.0,0.0,0.0,0.0
130.0,0.0,4.0,5.0990195135927845,0.0,0.0,0.0,0.0,0.0,0.0,0.0,0.0,0.0,0.0
131.0,0.0,0.0,0.0,0.0,0.0,0.0,0.0,0.0,0.0,0.0,0.0
132.0,0.0,0.0,15.811388300841896,0.0,23.769728648009426,17.08800749063506,9.486832980505138,6.082762530298219,0.0,0.0,0.0,0.0,0.0,0.0,0.0,64.41273166075166,0.0,0.0,0.0,0.0,53.71219600798314,0.0,0.0,0.0,0.0,0.0,105.04284840006957,0.0,0.0,0.0,0.0,0.0,0.0,0.0,0.0,82.05485969764375,0.0,156.97452022541748,0.0,0.0,0.0,0.0,0.0,0.0,0.0,0.0,0.0,0.0
133.0,0.0,0.0,27.586228448267445,23.40939982143925,0.0,0.0,0.0,0.0,0.0,0.0,10.198039027185569,7.810249675906654,8.602325267042627,0.0,41.7612260356422,16.1245154965971,18.973665961010276,14.7648230602334,3.605551275463989,0.0,0.0,0.0,0.0,0.0,94.33981132056604,1.0,0.0,0.0,46.09772228646444,6.082762530298219,12.36931687685298,0.0,0.0,0.0,0.0,0.0,0.0,0.0,0.0,0.0,0.0
134.0,0.0,0.0,0.0,0.0,0.0,0.0,0.0,0.0,0.0,0.0,0.0
135.0,0.0,0.0,98.43271813782245,6.0,4.0,6.708203932499369,12.041594578792296,12.041594578792296,12.806248474865697,0.0,7.810249675906654,2.8284271247461903,2.23606797749979,17.0,12.0,25.079872407968907,23.345235059857504,23.194827009486403,0.0,0.0,0.0,0.0,0.0,0.0,0.0,0.0,0.0,0.0,0.0
136.0,0.0,14.0,12.649110640673518,0.0,0.0,0.0,0.0,0.0,0.0,0.0,0.0,0.0,0.0
137.0,0.0,11.180339887498949,0.0,147.24808997063425,21.02379604162864,24.758836806279895,27.0,17.46424919657298,23.0,2.0,10.63014581273465,9.486832980505138,8.06225774829855,2.23606797749979,0.0,1.0,4.0,2.23606797749979,5.0,0.0,0.0,0.0,0.0,0.0,0.0,0.0,0.0,0.0,0.0
138.0,0.0,8.0,0.0,46.57252408878007,0.0,0.0,0.0,0.0,0.0,0.0,0.0,0.0,0.0,0.0
139.0,0.0,4.0,1.4142135623730951,4.0,0.0,0.0,0.0,0.0,0.0,0.0,0.0,0.0,0.0,0.0
140.0,0.0,0.0,48.010415536631214,2.0,38.47076812334269,0.0,0.0,0.0,0.0,0.0,114.49454135459908,0.0,10.04987562112089,2.23606797749979,0.0,11.704699910719626,6.4031242374328485,6.4031242374328485,1.4142135623730951,0.0,9.219544457292887,0.0,0.0,0.0,0.0,0.0,0.0,4.0,1.4142135623730951,3.1622776601683795,8.06225774829855,8.0,0.0,0.0,0.0,0.0,0.0,2.0,3.1622776601683795,0.0,8.0,2.0,0.0,0.0,0.0,134.8517704741024,0.0,0.0,28.319604517012593,19.1049731745428,15.620499351813308,12.206555615733702,11.40175425099138,20.223748416156685,24.331050121192877,15.264337522473747,7.0,3.605551275463989,3.0,0.0,65.43699259593154,13.038404810405298,11.180339887498949,10.44030650891055,5.0,29.966648127543394,14.422205101855956,5.0990195135927845,4.47213595499958,13.0,6.4031242374328485,0.0,0.0,0.0,0.0,0.0,0.0,0.0,0.0,0.0,0.0,0.0,28.231188426986208,0.0,0.0,0.0,10.63014581273465,0.0,0.0,0.0,0.0,5.830951894845301,12.0,0.0,20.09975124224178,0.0,13.038404810405298,21.840329667841555,13.038404810405298,11.0,0.0,3.0,0.0,10.63014581273465,11.661903789690601,2.0,11.180339887498949,0.0,12.529964086141668,0.0,10.816653826391969,0.0,0.0,0.0,0.0,0.0,0.0,0.0,0.0,0.0,0.0
141.0,0.0,0.0,0.0,0.0,106.47065323364932,24.351591323771842,15.0,8.06225774829855,12.529964086141668,14.035668847618199,23.769728648009426,0.0,0.0,0.0,0.0,0.0,9.486832980505138,8.54400374531753,3.0,10.0,14.560219778561036,3.1622776601683795,14.422205101855956,0.0,8.246211251235321,2.23606797749979,3.1622776601683795,2.0,3.1622776601683795,0.0,0.0,0.0,0.0,0.0,0.0,0.0,224.50835173774718,0.0,0.0,1.0,4.0,0.0,5.0,3.605551275463989,0.0,0.0,0.0,0.0,0.0,0.0,0.0,0.0,0.0,0.0,2.8284271247461903,0.0,0.0,2.23606797749979,4.123105625617661,0.0,0.0,0.0,4.123105625617661,1.0,0.0,0.0,0.0,0.0,0.0,0.0,186.31693428134759,0.0,23.0,25.0,0.0,0.0,0.0,0.0,0.0,0.0,53.33854141237835,0.0,76.15773105863909,0.0,92.65527507918802,0.0,214.23351745233518,0.0,0.0,0.0,0.0,0.0,0.0,0.0,0.0,0.0,0.0,0.0
142.0,0.0,0.0,0.0,0.0,0.0,0.0,0.0,0.0,0.0,0.0,3.605551275463989,1.4142135623730951,0.0,11.045361017187261,12.041594578792296,4.123105625617661,160.22796260328596,0.0,0.0,0.0,0.0,0.0,0.0,0.0,0.0,0.0,154.042202009709,1.4142135623730951,4.0,4.123105625617661,1.4142135623730951,0.0,0.0,0.0,0.0,0.0,5.0,1.0,4.123105625617661,1.0,3.0,5.385164807134504,6.0,4.47213595499958,0.0,14.317821063276353,28.160255680657446,0.0,0.0,0.0,2.23606797749979,0.0,0.0,0.0,49.73932046178355,0.0,0.0,0.0,0.0,0.0,0.0,0.0,0.0,0.0,0.0,0.0
143.0,0.0,0.0,0.0,0.0,122.93087488503447,0.0,0.0,0.0,0.0,0.0,0.0,0.0,0.0,0.0,0.0,0.0,0.0
144.0,0.0,5.0,4.47213595499958,1.4142135623730951,3.0,2.23606797749979,1.0,1.0,0.0,0.0,2.8284271247461903,2.8284271247461903,7.0,8.94427190999916,27.586228448267445,22.090722034374522,0.0,0.0,0.0,0.0,0.0,0.0,16.1245154965971,0.0,0.0,0.0,0.0,0.0,0.0,0.0,0.0,0.0,0.0,18.681541692269406,0.0,27.65863337187866,5.385164807134504,12.0,2.23606797749979,12.041594578792296,0.0,0.0,0.0,0.0,0.0,0.0,0.0,72.89718787443039,7.0,0.0,0.0,0.0,0.0,0.0,0.0,0.0,0.0,0.0,0.0,0.0
145.0,0.0,21.095023109728988,32.64965543462902,3.1622776601683795,1.0,0.0,4.123105625617661,2.23606797749979,0.0,0.0,4.47213595499958,12.0,0.0,43.41658669218482,16.15549442140351,17.804493814764857,15.264337522473747,13.45362404707371,18.0,20.0,0.0,0.0,0.0,0.0,0.0,0.0,0.0,0.0,0.0,0.0,0.0
146.0,0.0,0.0,0.0,0.0,0.0,0.0,0.0,0.0,0.0,0.0,0.0,0.0
147.0,0.0,0.0,0.0,0.0,0.0,0.0,0.0,0.0,0.0,0.0,0.0
148.0,0.0,6.082762530298219,0.0,8.06225774829855,6.0,0.0,6.708203932499369,10.63014581273465,5.0,4.123105625617661,0.0,0.0,0.0,0.0,2.8284271247461903,1.0,0.0,0.0,1.4142135623730951,1.0,0.0,1.4142135623730951,0.0,0.0,0.0,1.4142135623730951,0.0,0.0,1.0,0.0,0.0,0.0,0.0,7.0,0.0,0.0,0.0,6.0,0.0,0.0,0.0,0.0,0.0,0.0,1.0,3.1622776601683795,0.0,0.0,0.0,0.0,0.0,0.0,0.0,0.0,0.0,0.0
149.0,0.0,0.0,0.0,0.0,0.0,0.0,19.235384061671343,3.0,0.0,0.0,0.0,0.0,0.0,0.0,0.0,0.0,0.0,0.0
150.0,0.0,140.24621207005913,0.0,0.0,0.0,0.0,17.26267650163207,0.0,0.0,0.0,0.0,0.0,0.0,18.867962264113206,0.0,0.0,0.0,0.0,0.0,0.0,0.0,0.0,0.0,0.0,0.0
151.0,0.0,0.0,0.0,0.0,0.0,11.180339887498949,0.0,37.8021163428716,0.0,0.0,0.0,0.0,0.0,0.0,0.0,0.0,0.0,0.0,0.0
152.0,0.0,0.0,23.706539182259394,65.76473218982953,53.25410782277739,32.64965543462902,26.076809620810597,0.0,97.18538984847466,21.0,0.0,79.55501241279521,24.515301344262525,29.068883707497267,6.082762530298219,22.360679774997898,4.47213595499958,0.0,5.0,10.198039027185569,0.0,23.08679276123039,0.0,7.0710678118654755,18.110770276274835,20.09975124224178,0.0,0.0,0.0,0.0,76.55063683601855,98.41239759298622,20.615528128088304,22.20360331117452,0.0,26.0,0.0,4.0,0.0,0.0,0.0,0.0,0.0,0.0,0.0,0.0,0.0,0.0
153.0,0.0,0.0,46.2709412050371,33.95585369269929,25.495097567963924,15.0,0.0,0.0,0.0,0.0,0.0,10.44030650891055,9.0,0.0,0.0,0.0,0.0,0.0,0.0,0.0,0.0,0.0,0.0
154.0,0.0,0.0,10.63014581273465,0.0,2.0,0.0,5.385164807134504,17.46424919657298,0.0,30.870698080866262,0.0,2.0,0.0,0.0,0.0,0.0,0.0,0.0,0.0,0.0,0.0,0.0
155.0,0.0,0.0,0.0,0.0,0.0,0.0,0.0,0.0,0.0,0.0,0.0,14.142135623730951,1.0,0.0,0.0,0.0,0.0,0.0,0.0,0.0,0.0,0.0,0.0
156.0,0.0,0.0,26.248809496813376,0.0,22.561028345356956,18.439088914585774,5.656854249492381,3.0,0.0,3.0,0.0,18.0,2.0,0.0,0.0,0.0,0.0,0.0,0.0,0.0,0.0,0.0,0.0
157.0,0.0,6.0,11.661903789690601,3.0,1.4142135623730951,2.23606797749979,4.47213595499958,3.605551275463989,9.055385138137417,0.0,6.0,3.605551275463989,3.605551275463989,9.0,5.0,0.0,0.0,0.0,0.0,0.0,0.0,0.0,0.0,0.0,0.0
158.0,0.0,0.0,72.83543093852057,14.212670403551895,17.69180601295413,12.806248474865697,10.770329614269007,0.0,0.0,0.0,0.0,0.0,0.0,0.0,0.0,0.0,0.0,47.4236228055175,1.0,1.4142135623730951,0.0,0.0,0.0,2.23606797749979,0.0,1.0,1.0,1.4142135623730951,1.0,0.0,0.0,0.0,97.24710792614863,0.0,8.246211251235321,0.0,0.0,0.0,0.0,0.0,0.0,0.0,0.0,0.0,48.91829923454004,0.0,0.0,0.0,0.0,0.0,0.0,0.0,0.0,0.0,0.0,0.0,0.0,0.0
159.0,0.0,0.0,1.0,0.0,2.23606797749979,2.8284271247461903,0.0,0.0,3.1622776601683795,0.0,0.0,0.0,1.0,3.0,0.0,0.0,2.0,0.0,40.85339643163099,0.0,0.0,0.0,43.08131845707603,0.0,0.0,0.0,0.0,0.0,0.0,0.0,29.0,0.0,26.0,1.0,50.80354318352215,0.0,30.0,21.93171219946131,1.0,2.23606797749979,2.23606797749979,2.0,1.0,3.0,0.0,0.0,21.213203435596427,0.0,1.0,23.345235059857504,0.0,3.1622776601683795,1.4142135623730951,1.0,2.23606797749979,3.0,2.23606797749979,32.449961479175904,0.0,0.0,0.0,0.0,0.0,0.0,0.0,25.317977802344327,0.0,0.0,0.0,0.0,0.0,0.0,0.0,0.0,0.0,0.0
160.0,0.0,0.0,30.083217912982647,0.0,0.0,0.0,0.0,0.0,0.0,27.65863337187866,0.0,0.0,0.0,33.24154027718932,7.0,4.242640687119285,6.082762530298219,20.0,2.0,0.0,0.0,0.0,0.0,0.0,0.0,0.0,0.0,0.0,0.0,41.593268686170845,0.0,0.0,0.0,0.0,0.0,0.0,0.0,51.0098029794274,0.0,0.0,0.0,0.0,0.0,0.0,0.0,0.0,0.0,0.0
161.0,0.0,5.0,10.816653826391969,13.0,25.942243542145693,30.23243291566195,71.06335201775947,0.0,0.0,0.0,0.0,0.0,0.0,0.0,0.0,0.0,117.64352935882194,1.0,0.0,0.0,0.0,0.0,0.0,0.0,0.0,0.0,0.0,0.0,14.866068747318506,0.0,0.0,0.0,0.0,0.0,0.0,10.44030650891055,13.0,0.0,0.0,0.0,0.0,0.0,41.10960958218893,0.0,0.0,0.0,0.0,0.0,0.0,0.0,0.0,0.0,0.0,0.0,0.0
162.0,0.0,0.0,41.88078318274385,35.77708763999664,47.0,45.967379738244816,1.0,58.249463516842795,0.0,0.0,0.0,0.0,0.0,0.0,0.0,0.0,0.0,90.68627239003708,46.400431032480725,54.56189146281496,0.0,0.0,0.0,0.0,0.0,0.0,0.0,0.0,0.0,40.45985664828782,24.08318915758459,0.0,0.0,0.0,0.0,0.0,0.0,0.0,0.0,0.0,0.0
163.0,0.0,0.0,0.0,0.0,0.0,0.0,0.0,272.0018382290826,0.0,0.0,0.0,0.0,0.0,0.0,0.0,0.0,0.0,0.0,0.0,7.810249675906654,0.0,0.0,0.0,0.0,0.0,0.0,0.0,0.0,0.0,91.28526715741155,0.0,59.00847396772772,0.0,0.0,0.0,0.0,0.0,0.0,0.0,0.0,0.0,0.0
164.0,0.0,0.0,80.0,0.0,0.0,0.0,0.0,0.0,0.0,0.0,0.0,0.0,0.0
165.0,0.0,0.0,0.0,0.0,0.0,0.0,0.0,0.0,0.0,0.0,0.0
166.0,0.0,0.0,0.0,0.0,0.0,0.0,0.0,0.0,0.0,0.0,0.0
167.0,0.0,0.0,50.47771785649585,0.0,0.0,0.0,0.0,0.0,0.0,0.0,0.0,0.0,0.0,0.0
168.0,0.0,0.0,25.612496949731394,19.697715603592208,0.0,20.615528128088304,0.0,0.0,0.0,0.0,0.0,0.0,0.0,0.0,0.0,0.0
169.0,0.0,0.0,91.2414379544733,0.0,0.0,0.0,0.0,0.0,0.0,0.0,0.0,0.0,0.0,0.0,120.88010589009261,0.0,0.0,25.709920264364882,0.0,0.0,0.0,0.0,0.0,0.0,0.0,0.0,0.0,140.4314779527724,0.0,4.0,0.0,0.0,5.385164807134504,2.23606797749979,1.4142135623730951,3.0,1.0,1.0,0.0,1.0,0.0,0.0,0.0,0.0,1.0,0.0,0.0,0.0,0.0,0.0,0.0,0.0,0.0,0.0,0.0,0.0
170.0,0.0,0.0,152.75143207184672,0.0,0.0,71.02112361825881,86.14522621712709,0.0,0.0,0.0,0.0,0.0,0.0,0.0,0.0,293.5523803344132,0.0,25.0,23.0,43.657759905886145,43.93176527297759,31.240998703626616,21.0,24.20743687382041,47.53945729601885,18.027756377319946,5.656854249492381,12.806248474865697,0.0,15.524174696260024,19.0,20.0,24.186773244895647,22.0,33.421549934136806,71.58910531638176,19.6468827043885,18.867962264113206,13.601470508735444,8.54400374531753,0.0,8.06225774829855,10.0,18.24828759089466,13.601470508735444,6.0,18.0,15.811388300841896,14.7648230602334,13.92838827718412,12.0,3.1622776601683795,0.0,3.0,6.324555320336759,11.313708498984761,21.95449840010015,15.652475842498529,14.0,2.23606797749979,11.40175425099138,7.0,15.0,13.0,0.0,4.242640687119285,11.180339887498949,27.0,4.47213595499958,11.40175425099138,5.0990195135927845,15.811388300841896,33.0,0.0,0.0,0.0,0.0,0.0,0.0,0.0,0.0,0.0,0.0,115.37764081484765,0.0,69.77105417004964,0.0,13.0,0.0,8.06225774829855,9.433981132056603,7.211102550927978,6.0,0.0,83.40863264674707,0.0,0.0,0.0,47.50789408087881,0.0,0.0,0.0,0.0,0.0,59.405386961116584,1.0,91.2414379544733,34.655446902326915,0.0,0.0,0.0,0.0,0.0,0.0,0.0,0.0,7.280109889280518,0.0,54.78138369920935,0.0,0.0,0.0,0.0,0.0,0.0,0.0,0.0,0.0,0.0
171.0,0.0,24.331050121192877,12.727922061357855,0.0,9.0,13.152946437965905,0.0,0.0,0.0,48.75448697299562,0.0,0.0,4.123105625617661,0.0,0.0,0.0,0.0,4.123105625617661,0.0,0.0,2.0,2.0,5.0990195135927845,5.0990195135927845,0.0,0.0,0.0,0.0,0.0,3.1622776601683795,0.0,0.0,1.0,4.123105625617661,0.0,3.1622776601683795,3.1622776601683795,0.0,3.1622776601683795,0.0,0.0,0.0,0.0,0.0,0.0,2.23606797749979,1.4142135623730951,0.0,129.76902558006668,0.0,45.254833995939045,0.0,36.22154055254967,31.0,0.0,0.0,0.0,0.0,0.0,0.0,0.0,0.0,0.0,0.0
172.0,0.0,0.0,0.0,0.0,0.0,0.0,0.0,0.0,0.0,0.0,86.95401083331349,16.76305461424021,12.206555615733702,4.123105625617661,0.0,0.0,3.605551275463989,11.180339887498949,2.23606797749979,1.0,4.47213595499958,5.385164807134504,11.313708498984761,5.830951894845301,11.045361017187261,14.0,9.219544457292887,0.0,7.211102550927978,15.231546211727817,14.212670403551895,19.4164878389476,9.848857801796104,22.0,1.0,32.7566787083184,0.0,0.0,0.0,0.0,0.0,0.0,0.0,0.0,0.0,0.0,0.0,68.65857557508748,0.0,0.0,0.0,0.0,0.0,0.0,0.0,0.0,0.0,186.75384868858794,0.0,0.0,0.0,31.32091952673165,1.0,0.0,0.0,0.0,0.0,2.0,0.0,0.0,3.0,0.0,0.0,0.0,3.0,0.0,0.0,0.0,3.0,3.0,102.0196059588548,16.0,3.1622776601683795,0.0,0.0,0.0,0.0,0.0,0.0,0.0,0.0,0.0,0.0,0.0
173.0,0.0,7.0,0.0,0.0,0.0,0.0,0.0,0.0,36.76955262170047,0.0,0.0,0.0,0.0,0.0,0.0,0.0,0.0,0.0,0.0,0.0
174.0,0.0,0.0,0.0,0.0,0.0,0.0,0.0,0.0,0.0,0.0,0.0
175.0,0.0,0.0,0.0,0.0,0.0,0.0,0.0,0.0,0.0,34.0147027033899,0.0,0.0,17.0,17.46424919657298,0.0,0.0,0.0,0.0,0.0,0.0,49.040799340956916,2.23606797749979,0.0,0.0,0.0,67.47592163134935,3.1622776601683795,0.0,0.0,0.0,3.0,68.24954212300622,44.94441010848846,0.0,0.0,0.0,0.0,44.94441010848846,0.0,0.0,0.0,0.0,4.0,0.0,42.04759208325728,0.0,42.04759208325728,0.0,0.0,0.0,0.0,0.0,0.0,0.0,0.0,0.0,0.0
176.0,0.0,1.0,0.0,0.0,0.0,0.0,0.0,0.0,1.0,3.0,0.0,2.23606797749979,2.23606797749979,1.0,0.0,0.0,3.1622776601683795,0.0,182.42806801586207,0.0,0.0,0.0,0.0,0.0,0.0,1.4142135623730951,76.55063683601855,0.0,0.0,0.0,93.05912099305473,9.219544457292887,13.601470508735444,18.027756377319946,15.0,0.0,8.94427190999916,17.69180601295413,18.681541692269406,0.0,19.209372712298546,10.0,15.652475842498529,16.278820596099706,14.866068747318506,13.038404810405298,0.0,0.0,0.0,0.0,0.0,0.0,0.0,0.0,0.0,0.0,0.0
177.0,0.0,0.0,0.0,7.0,7.0,2.0,5.385164807134504,1.0,8.48528137423857,3.0,19.0,0.0,0.0,0.0,0.0,0.0,0.0,0.0,0.0,0.0,0.0
178.0,0.0,0.0,0.0,0.0,0.0,0.0,0.0,0.0,0.0,0.0,0.0
179.0,0.0,0.0,18.788294228055936,34.0,27.65863337187866,0.0,13.892443989449804,25.059928172283335,26.627053911388696,19.0,23.021728866442675,19.0,0.0,0.0,0.0,0.0,0.0,0.0,0.0,0.0,0.0,0.0,17.804493814764857,15.0,27.16615541441225,15.132745950421556,26.076809620810597,16.401219466856727,25.0,0.0,33.24154027718932,37.12142238654117,43.829214001622255,35.0,22.561028345356956,10.0,51.62363799656123,0.0,0.0,0.0,0.0,0.0,0.0,0.0,0.0,178.44046626256053,0.0,21.18962010041709,0.0,0.0,0.0,0.0,0.0,0.0,0.0,0.0,0.0,0.0
180.0,0.0,0.0,0.0,0.0,0.0,0.0,0.0,0.0,0.0,0.0,0.0
181.0,0.0,11.40175425099138,6.0,3.1622776601683795,2.0,0.0,5.385164807134504,6.4031242374328485,10.770329614269007,8.48528137423857,8.602325267042627,11.045361017187261,19.0,0.0,0.0,0.0,0.0,0.0,0.0,0.0,0.0,0.0,0.0,0.0
182.0,0.0,0.0,61.84658438426491,36.0,28.160255680657446,0.0,18.973665961010276,21.213203435596427,46.87216658103186,15.0,55.57877292636101,19.1049731745428,54.91812087098393,0.0,0.0,0.0,0.0,0.0,0.0,0.0,0.0,0.0,0.0,41.340053217188775,30.0,4.0,26.1725046566048,36.05551275463989,5.0,0.0,0.0,10.04987562112089,4.47213595499958,0.0,0.0,0.0,0.0,0.0,0.0,0.0,0.0,0.0,0.0
183.0,0.0,69.46221994724903,1.0,0.0,0.0,0.0,0.0,32.01562118716424,0.0,0.0,0.0,63.631753079732135,0.0,0.0,0.0,0.0,47.042533945356304,0.0,0.0,0.0,0.0,0.0,0.0,47.265209192385896,0.0,182.3951753747889,39.44616584663204,23.0,60.166435825965294,0.0,22.847319317591726,20.615528128088304,19.1049731745428,22.67156809750927,0.0,0.0,39.35733730830886,0.0,0.0,0.0,0.0,0.0,0.0,9.055385138137417,17.11724276862369,31.240998703626616,21.02379604162864,22.0,9.0,12.041594578792296,23.40939982143925,13.0,0.0,0.0,157.84802817900513,9.848857801796104,156.20819440733575,26.0,27.80287754891569,23.08679276123039,0.0,0.0,0.0,0.0,0.0,0.0,0.0,0.0,0.0,0.0,0.0,13.0,3.0,0.0,0.0,0.0,0.0,0.0,0.0,0.0,0.0,0.0,0.0,47.50789408087881,0.0,0.0,0.0,1.0,0.0,0.0,0.0,0.0,0.0,0.0,1.4142135623730951,0.0,6.082762530298219,5.0,1.0,1.0,0.0,0.0,0.0,0.0,4.123105625617661,0.0,176.13914953808538,29.0,6.0,0.0,0.0,0.0,0.0,0.0,0.0,0.0,0.0,0.0,0.0
184.0,0.0,0.0,20.518284528683193,19.1049731745428,7.615773105863909,0.0,5.0990195135927845,10.198039027185569,24.0,0.0,0.0,0.0,0.0,0.0,0.0,0.0,0.0,0.0,0.0,0.0
185.0,0.0,1.0,31.016124838541646,18.384776310850235,11.704699910719626,0.0,19.4164878389476,1.0,19.6468827043885,34.713109915419565,22.0,10.0,14.560219778561036,5.656854249492381,6.0,0.0,0.0,0.0,0.0,0.0,0.0,0.0,0.0,0.0,0.0
186.0,0.0,11.0,16.64331697709324,17.029386365926403,0.0,0.0,0.0,0.0,0.0,0.0,41.19465984809196,2.0,0.0,0.0,0.0,0.0,0.0,0.0,0.0,0.0,0.0,22.135943621178654,0.0,0.0,0.0,0.0,0.0,0.0,0.0,0.0,0.0,0.0
187.0,0.0,4.47213595499958,15.811388300841896,13.0,8.06225774829855,0.0,6.0,5.0,8.06225774829855,13.892443989449804,23.259406699226016,0.0,0.0,0.0,0.0,0.0,0.0,0.0,0.0,0.0,0.0,0.0,85.492689745966,0.0,80.45495634204272,13.892443989449804,10.63014581273465,9.219544457292887,9.055385138137417,0.0,7.0,7.0,12.529964086141668,5.0,9.0,13.341664064126334,18.24828759089466,8.602325267042627,1.0,1.4142135623730951,2.0,0.0,1.4142135623730951,3.0,7.211102550927978,3.0,2.0,0.0,3.0,0.0,0.0,0.0,105.0,0.0,0.0,0.0,0.0,0.0,0.0,0.0,79.83107164506812,21.470910553583888,17.029386365926403,0.0,0.0,0.0,0.0,23.430749027719962,8.602325267042627,11.180339887498949,12.0,0.0,0.0,0.0,0.0,0.0,0.0,0.0,0.0,0.0,0.0,0.0
188.0,0.0,0.0,0.0,0.0,0.0,0.0,0.0,0.0,0.0,0.0,0.0
189.0,0.0,0.0,18.384776310850235,23.021728866442675,14.317821063276353,35.77708763999664,0.0,47.75981574503821,13.0,47.885279575251516,28.0,0.0,27.85677655436824,1.0,0.0,0.0,0.0,0.0,0.0,0.0,0.0,190.31815467789718,31.0,4.0,0.0,0.0,0.0,0.0,0.0,0.0,0.0,0.0,0.0,0.0
190.0,0.0,4.242640687119285,0.0,0.0,0.0,0.0,0.0,0.0,0.0,0.0,0.0,0.0
191.0,0.0,0.0,22.090722034374522,2.8284271247461903,0.0,0.0,0.0,0.0,0.0,0.0,0.0,19.924858845171276,3.0,20.396078054371138,0.0,16.1245154965971,0.0,18.027756377319946,0.0,6.708203932499369,9.433981132056603,7.211102550927978,2.0,1.0,5.385164807134504,3.605551275463989,0.0,0.0,0.0,0.0,0.0,0.0,0.0,0.0,0.0,0.0
192.0,0.0,0.0,122.3315167894194,0.0,37.12142238654117,6.082762530298219,7.0710678118654755,1.4142135623730951,0.0,1.4142135623730951,7.0,1.0,2.23606797749979,1.4142135623730951,2.23606797749979,0.0,3.1622776601683795,0.0,0.0,0.0,0.0,0.0,0.0,3.605551275463989,10.44030650891055,31.575306807693888,0.0,1.4142135623730951,1.4142135623730951,1.0,1.0,8.246211251235321,0.0,14.0,0.0,0.0,0.0,0.0,22.090722034374522,20.0,0.0,20.024984394500787,0.0,0.0,0.0,37.21558813185679,1.0,0.0,0.0,0.0,3.1622776601683795,0.0,0.0,0.0,0.0,13.416407864998739,0.0,5.0,11.180339887498949,7.0710678118654755,0.0,13.038404810405298,8.0,46.2709412050371,0.0,0.0,0.0,0.0,0.0,0.0,0.0,0.0,0.0,0.0
193.0,0.0,4.123105625617661,0.0,0.0,3.0,0.0,0.0,0.0,0.0,0.0,0.0,0.0,0.0,0.0,0.0,0.0,0.0,68.8839603971781,174.0258601472781,0.0,0.0,43.01162633521314,0.0,0.0,0.0,86.31338250816034,1.0,46.238512086787566,0.0,0.0,0.0,0.0,0.0,0.0,0.0,0.0,0.0,0.0
194.0,0.0,17.46424919657298,31.38470965295043,6.0,0.0,0.0,54.120236510939236,0.0,0.0,0.0,0.0,1.4142135623730951,2.23606797749979,0.0,0.0,3.1622776601683795,1.0,0.0,0.0,0.0,0.0,179.84715733088473,27.0,25.0,22.02271554554524,20.518284528683193,20.591260281974,8.0,0.0,0.0,0.0,0.0,0.0,0.0,0.0,0.0,0.0,0.0
195.0,0.0,16.1245154965971,0.0,2.8284271247461903,4.242640687119285,0.0,5.830951894845301,5.0,0.0,3.1622776601683795,0.0,3.605551275463989,14.142135623730951,0.0,2.23606797749979,4.0,0.0,0.0,0.0,0.0,0.0,0.0,0.0,0.0,0.0,0.0
196.0,0.0,2.0,0.0,0.0,0.0,0.0,4.123105625617661,6.708203932499369,7.0710678118654755,5.0,3.1622776601683795,8.48528137423857,10.0,0.0,7.615773105863909,13.416407864998739,12.083045973594572,0.0,11.045361017187261,5.385164807134504,0.0,2.23606797749979,2.23606797749979,1.0,4.123105625617661,27.459060435491963,0.0,20.615528128088304,0.0,0.0,0.0,0.0,0.0,0.0,0.0,27.85677655436824,35.90264614203248,7.615773105863909,1.4142135623730951,7.0,0.0,0.0,2.23606797749979,0.0,28.0178514522438,0.0,0.0,3.1622776601683795,3.0,0.0,0.0,5.385164807134504,4.47213595499958,0.0,3.0,14.317821063276353,13.152946437965905,0.0,2.23606797749979,0.0,5.0990195135927845,1.4142135623730951,2.23606797749979,0.0,0.0,0.0,0.0,0.0,0.0,0.0,0.0,2.8284271247461903,3.1622776601683795,0.0,6.082762530298219,0.0,1.4142135623730951,0.0,0.0,2.0,0.0,0.0,2.23606797749979,0.0,0.0,0.0,3.1622776601683795,3.1622776601683795,1.0,0.0,0.0,0.0,1.0,0.0,54.12947441089743,11.180339887498949,0.0,0.0,0.0,0.0,22.47220505424423,0.0,24.73863375370596,20.0,16.278820596099706,9.055385138137417,0.0,28.319604517012593,2.0,7.0,7.211102550927978,7.0,4.0,0.0,4.0,0.0,0.0,0.0,2.23606797749979,4.123105625617661,7.0710678118654755,1.4142135623730951,1.0,1.4142135623730951,0.0,0.0,0.0,2.23606797749979,21.540659228538015,0.0,0.0,0.0,0.0,0.0,0.0,0.0,0.0,0.0,0.0,0.0
197.0,0.0,0.0,40.311288741492746,17.804493814764857,14.212670403551895,0.0,12.206555615733702,7.211102550927978,2.23606797749979,3.0,12.165525060596439,16.278820596099706,3.0,0.0,0.0,0.0,0.0,0.0,0.0,0.0,0.0,0.0,0.0
198.0,0.0,23.345235059857504,28.0,4.0,52.32590180780452,0.0,0.0,0.0,0.0,0.0,0.0,88.23831367382311,0.0,0.0,0.0,86.34813257969161,9.0,0.0,27.313000567495326,26.40075756488817,10.816653826391969,0.0,9.0,0.0,0.0,0.0,0.0,0.0,0.0,0.0,0.0,0.0,0.0
199.0,0.0,0.0,0.0,0.0,0.0,0.0,0.0,0.0,0.0,0.0,0.0,0.0
200.0,0.0,46.400431032480725,4.0,33.24154027718932,24.08318915758459,0.0,15.0,41.14608122288197,89.00561780022652,89.56003573022959,13.152946437965905,4.0,88.81441324469807,22.847319317591726,0.0,27.51363298439521,26.40075756488817,0.0,25.0,13.601470508735444,27.202941017470888,0.0,10.0,0.0,0.0,0.0,0.0,0.0,0.0,0.0,0.0,0.0,0.0,178.71765441612084,0.0,0.0,0.0,0.0,0.0,0.0,0.0,0.0,0.0,0.0,0.0,0.0
201.0,0.0,0.0,0.0,0.0,0.0,0.0,0.0,0.0,0.0,0.0,0.0
202.0,0.0,0.0,0.0,0.0,0.0,0.0,0.0,0.0,0.0,0.0,0.0
203.0,0.0,5.0,26.40075756488817,27.784887978899608,4.0,3.1622776601683795,0.0,0.0,27.313000567495326,0.0,8.0,33.61547262794322,2.23606797749979,8.54400374531753,19.0,0.0,0.0,0.0,0.0,0.0,0.0,0.0,0.0,0.0,0.0
204.0,0.0,8.0,24.0,34.0,0.0,0.0,0.0,0.0,0.0,0.0,0.0,0.0,0.0,0.0
205.0,0.0,26.0,25.0,19.313207915827967,14.866068747318506,0.0,8.0,0.0,0.0,0.0,0.0,0.0,0.0,0.0,0.0,0.0,0.0
206.0,0.0,55.10898293381942,31.0,26.476404589747453,22.47220505424423,0.0,0.0,22.090722034374522,3.0,5.0990195135927845,0.0,0.0,5.385164807134504,0.0,0.0,1.0,0.0,0.0,2.23606797749979,1.0,0.0,0.0,7.0710678118654755,5.0990195135927845,0.0,1.0,3.0,0.0,0.0,0.0,0.0,0.0,0.0,0.0,8.06225774829855,8.06225774829855,0.0,0.0,0.0,0.0,0.0,0.0,10.0,1.4142135623730951,0.0,313.4661066207956,0.0,0.0,0.0,0.0,0.0,0.0,0.0,0.0,0.0,0.0,0.0,0.0
207.0,0.0,0.0,0.0,0.0,0.0,0.0,125.31959144523253,0.0,0.0,0.0,0.0,0.0,0.0,0.0,0.0,0.0,0.0
208.0,0.0,4.0,0.0,0.0,0.0,0.0,0.0,0.0,0.0,0.0,74.33034373659252,0.0,52.88667128870941,12.0,23.08679276123039,31.827660925679098,13.341664064126334,20.248456731316587,13.45362404707371,0.0,5.0990195135927845,5.656854249492381,3.0,5.0,12.206555615733702,24.0,0.0,0.0,0.0,0.0,0.0,0.0,0.0,0.0,0.0,0.0,0.0
209.0,0.0,0.0,0.0,0.0,0.0,0.0,180.23595645708434,0.0,28.442925306655784,30.0,34.23448553724738,33.54101966249684,12.0,78.26237921249263,0.0,54.3323108288245,0.0,0.0,0.0,0.0,0.0,0.0,0.0,0.0,0.0,0.0,0.0
210.0,0.0,6.708203932499369,4.0,10.44030650891055,19.235384061671343,22.80350850198276,0.0,23.08679276123039,6.324555320336759,4.0,0.0,0.0,0.0,0.0,0.0,0.0,0.0,0.0,0.0,0.0,0.0
211.0,0.0,0.0,1.0,0.0,2.8284271247461903,2.23606797749979,0.0,2.23606797749979,0.0,0.0,8.602325267042627,5.0990195135927845,0.0,5.385164807134504,0.0,0.0,0.0,0.0,0.0,0.0,3.605551275463989,3.1622776601683795,0.0,0.0,0.0,24.758836806279895,3.605551275463989,13.45362404707371,12.083045973594572,15.652475842498529,0.0,13.601470508735444,17.4928556845359,43.56604182158393,0.0,0.0,0.0,0.0,0.0,0.0,0.0,0.0,0.0,0.0,0.0
212.0,0.0,0.0,66.2872536767062,26.570660511172846,29.068883707497267,0.0,0.0,0.0,0.0,38.47076812334269,0.0,0.0,0.0,0.0,1.0,30.805843601498726,7.615773105863909,8.0,0.0,10.770329614269007,0.0,0.0,0.0,0.0,0.0,15.811388300841896,2.23606797749979,1.0,11.045361017187261,0.0,0.0,11.045361017187261,0.0,23.853720883753127,0.0,0.0,0.0,0.0,0.0,0.0,0.0,0.0,0.0,0.0,0.0
213.0,0.0,0.0,0.0,0.0,0.0,0.0,0.0,0.0,0.0,0.0,0.0,44.10215414239989,6.082762530298219,0.0,5.0,4.47213595499958,13.152946437965905,7.0,0.0,0.0,0.0,0.0,0.0,0.0,0.0,0.0,0.0,0.0
214.0,0.0,0.0,0.0,0.0,0.0,35.0,28.0,20.248456731316587,25.495097567963924,23.0,39.6232255123179,22.80350850198276,21.095023109728988,0.0,21.587033144922902,22.02271554554524,20.0,16.278820596099706,17.0,0.0,70.00714249274856,25.238858928247925,0.0,39.6232255123179,14.866068747318506,0.0,19.924858845171276,19.1049731745428,11.0,20.615528128088304,12.0,6.4031242374328485,0.0,20.024984394500787,10.198039027185569,0.0,0.0,0.0,7.615773105863909,31.304951684997057,3.0,0.0,0.0,1.0,1.4142135623730951,0.0,7.0,0.0,0.0,0.0,0.0,0.0,0.0,0.0,0.0,0.0,4.47213595499958,2.23606797749979,3.605551275463989,4.242640687119285,2.0,0.0,7.0710678118654755,4.0,2.23606797749979,0.0,1.0,2.0,1.0,4.242640687119285,2.23606797749979,1.0,4.47213595499958,0.0,3.0,1.0,6.082762530298219,9.055385138137417,1.0,3.1622776601683795,5.0990195135927845,5.656854249492381,0.0,0.0,2.0,0.0,2.23606797749979,2.0,4.47213595499958,4.123105625617661,3.0,1.0,2.0,3.605551275463989,7.615773105863909,1.4142135623730951,1.0,0.0,5.0990195135927845,3.0,5.0,1.0,0.0,0.0,0.0,0.0,155.58920271021378,0.0,100.40418317978589,0.0,27.51363298439521,4.123105625617661,0.0,0.0,0.0,0.0,0.0,0.0,0.0,0.0,0.0,0.0,0.0,16.492422502470642,7.615773105863909,19.4164878389476,2.23606797749979,1.0,6.082762530298219,5.830951894845301,3.1622776601683795,3.0,4.47213595499958,0.0,8.246211251235321,0.0,0.0,0.0,0.0,0.0,16.15549442140351,27.294688127912362,7.0,7.810249675906654,4.0,0.0,1.0,6.324555320336759,5.830951894845301,0.0,0.0,0.0,0.0,0.0,54.120236510939236,2.0,1.0,0.0,0.0,111.57060544785082,0.0,105.26157893552613,0.0,0.0,5.0,1.4142135623730951,0.0,1.0,284.92981591964013,0.0,0.0,41.593268686170845,16.76305461424021,10.04987562112089,13.0,8.246211251235321,0.0,8.246211251235321,20.248456731316587,0.0,0.0,0.0,0.0,0.0,0.0,0.0,0.0,0.0,0.0,0.0,0.0
215.0,0.0,0.0,1.0,42.44997055358225,43.56604182158393,0.0,83.00602387778854,0.0,191.7602670002313,37.0,46.09772228646444,28.844410203711913,28.0,0.0,59.413803110051795,165.60193235587562,17.0,0.0,25.632011235952593,7.0,13.038404810405298,5.0990195135927845,3.0,5.0,10.44030650891055,0.0,7.615773105863909,2.0,17.0,17.0,0.0,0.0,0.0,13.92838827718412,19.4164878389476,23.769728648009426,12.806248474865697,0.0,9.219544457292887,8.06225774829855,12.165525060596439,0.0,18.439088914585774,18.439088914585774,13.152946437965905,15.524174696260024,5.385164807134504,21.633307652783937,26.40075756488817,0.0,24.596747752497688,1.0,30.01666203960727,31.304951684997057,10.816653826391969,13.341664064126334,19.026297590440446,28.178005607210743,9.0,19.0,7.0,0.0,0.0,112.16059914247963,0.0,0.0,0.0,0.0,0.0,0.0,0.0,0.0,0.0,0.0
216.0,0.0,0.0,0.0,0.0,0.0,0.0,0.0,0.0,0.0,0.0,0.0
217.0,0.0,0.0,0.0,51.92301994298868,5.0,43.0,0.0,0.0,0.0,0.0,0.0,0.0,0.0,0.0,0.0,0.0
218.0,0.0,0.0,0.0,68.8839603971781,0.0,36.235341863986875,45.5411901469428,65.11528238439882,0.0,69.28924880528002,0.0,0.0,0.0,0.0,0.0,0.0,0.0,0.0,0.0,0.0
219.0,0.0,13.0,17.029386365926403,21.0,0.0,0.0,0.0,0.0,0.0,0.0,0.0,0.0,0.0,0.0
220.0,0.0,0.0,89.05054744357274,1.0,75.23961722390672,30.0,75.15317691222374,39.05124837953327,0.0,20.0,33.83784863137726,23.259406699226016,32.89376840679705,16.15549442140351,17.69180601295413,21.470910553583888,25.495097567963924,0.0,0.0,0.0,0.0,0.0,0.0,0.0,0.0,0.0,0.0,0.0
221.0,0.0,0.0,33.83784863137726,0.0,0.0,69.6419413859206,0.0,0.0,0.0,0.0,0.0,0.0,0.0,18.439088914585774,5.0990195135927845,9.486832980505138,0.0,0.0,13.92838827718412,27.0,0.0,17.46424919657298,10.44030650891055,5.0,7.211102550927978,0.0,0.0,0.0,13.038404810405298,0.0,5.385164807134504,7.810249675906654,0.0,8.0,4.123105625617661,2.23606797749979,2.8284271247461903,5.0,5.0990195135927845,17.11724276862369,2.23606797749979,2.8284271247461903,7.810249675906654,5.0,0.0,2.8284271247461903,6.0,17.08800749063506,2.8284271247461903,8.246211251235321,3.605551275463989,5.830951894845301,9.433981132056603,5.0,4.242640687119285,8.602325267042627,0.0,5.385164807134504,7.810249675906654,2.0,2.23606797749979,2.23606797749979,1.4142135623730951,4.123105625617661,5.0,9.0,0.0,0.0,0.0,0.0,0.0,0.0,0.0,0.0,0.0,0.0
222.0,0.0,0.0,0.0,0.0,0.0,0.0,0.0,0.0,0.0,0.0,0.0
223.0,0.0,0.0,0.0,3.1622776601683795,0.0,1.0,1.0,1.4142135623730951,0.0,10.04987562112089,0.0,0.0,11.0,0.0,0.0,2.23606797749979,0.0,5.0990195135927845,0.0,4.0,0.0,1.0,1.0,1.0,1.4142135623730951,1.0,0.0,0.0,0.0,0.0,0.0,0.0,0.0,0.0,0.0,3.0,0.0,0.0,0.0,0.0,0.0,0.0,0.0,0.0,0.0,0.0
224.0,0.0,5.0,7.615773105863909,3.0,0.0,0.0,0.0,0.0,0.0,0.0,0.0,0.0,0.0,0.0
225.0,0.0,0.0,48.41487374764082,36.796738985948195,10.0,15.0,13.416407864998739,17.204650534085253,0.0,0.0,0.0,0.0,0.0,0.0,0.0,0.0,0.0,0.0
226.0,0.0,0.0,0.0,0.0,0.0,0.0,106.23088063270491,0.0,0.0,0.0,0.0,0.0,0.0,0.0,0.0,0.0,0.0
227.0,0.0,0.0,8.0,1.0,1.0,6.0,2.23606797749979,9.848857801796104,13.038404810405298,17.0,0.0,18.0,35.0,0.0,0.0,0.0,0.0,0.0,0.0,0.0,0.0,0.0,0.0
228.0,0.0,0.0,1.4142135623730951,0.0,1.0,0.0,1.0,1.0,1.0,1.0,0.0,2.23606797749979,2.23606797749979,1.0,0.0,0.0,0.0,0.0,0.0,0.0,0.0,13.0,0.0,0.0,12.0,1.0,2.0,1.0,1.0,2.0,266.03007348794233,0.0,0.0,0.0,0.0,0.0,251.0019920239678,1.0,38.01315561749642,17.46424919657298,15.0,15.264337522473747,12.806248474865697,15.0,14.422205101855956,0.0,0.0,8.0,0.0,0.0,0.0,21.840329667841555,0.0,0.0,0.0,0.0,0.0,0.0,0.0,0.0,0.0,0.0,4.123105625617661,1.0,3.1622776601683795,0.0,0.0,2.23606797749979,2.23606797749979,1.4142135623730951,0.0,1.0,2.0,1.0,0.0,185.15128949051368,0.0,0.0,0.0,0.0,0.0,0.0,0.0,0.0,0.0,0.0
229.0,0.0,0.0,0.0,0.0,0.0,0.0,0.0,0.0,0.0,0.0,0.0
230.0,0.0,0.0,31.240998703626616,0.0,0.0,0.0,0.0,0.0,0.0,0.0,0.0,0.0,0.0,0.0
231.0,0.0,0.0,0.0,0.0,0.0,0.0,0.0,0.0,0.0,0.0,0.0,0.0,32.202484376209235,0.0,0.0,0.0,0.0,0.0,0.0,0.0,0.0,0.0,0.0,0.0
232.0,0.0,10.0,9.0,10.0,11.40175425099138,11.661903789690601,0.0,0.0,0.0,0.0,0.0,0.0,0.0,58.89821729050889,7.0,23.853720883753127,22.360679774997898,7.0,4.242640687119285,0.0,0.0,0.0,0.0,0.0,0.0,0.0,0.0,0.0,0.0
233.0,0.0,0.0,0.0,0.0,0.0,0.0,0.0,0.0,0.0,0.0,0.0
234.0,0.0,0.0,0.0,0.0,0.0,0.0,0.0,0.0,0.0,0.0,0.0
235.0,0.0,0.0,0.0,0.0,0.0,0.0,0.0,0.0,0.0,0.0,0.0
236.0,0.0,2.0,28.231188426986208,30.23243291566195,26.0,22.02271554554524,0.0,0.0,0.0,0.0,0.0,0.0,0.0,0.0,0.0,0.0
237.0,0.0,55.08175741568164,7.0,50.0,0.0,0.0,189.88944151795275,0.0,0.0,0.0,0.0,0.0,246.24581214713075,33.0,27.459060435491963,21.93171219946131,17.11724276862369,16.0,15.0,18.24828759089466,22.0,26.019223662515376,24.020824298928627,0.0,0.0,0.0,0.0,0.0,0.0,0.0,0.0,0.0,24.331050121192877,0.0,0.0,0.0,0.0,0.0,0.0,0.0,0.0,0.0,0.0,0.0,0.0
238.0,0.0,0.0,0.0,0.0,0.0,0.0,0.0,0.0,8.602325267042627,0.0,0.0,47.07440918375928,0.0,0.0,0.0,0.0,0.0,0.0,0.0,0.0,0.0,0.0,0.0,0.0
239.0,0.0,11.045361017187261,0.0,113.35784048754634,0.0,0.0,0.0,0.0,0.0,0.0,77.38862965578342,0.0,0.0,0.0,2.0,0.0,0.0,0.0,0.0,0.0,0.0,0.0,68.76772498781678,0.0,1.4142135623730951,0.0,0.0,0.0,0.0,0.0,0.0,0.0,1.4142135623730951,30.59411708155671,19.026297590440446,0.0,0.0,0.0,0.0,0.0,0.0,66.94027188471824,17.804493814764857,2.0,0.0,0.0,0.0,0.0,0.0,0.0,0.0,0.0,0.0,0.0
240.0,0.0,3.0,15.0,11.704699910719626,0.0,36.124783736376884,18.35755975068582,13.416407864998739,10.816653826391969,4.123105625617661,3.605551275463989,3.605551275463989,0.0,6.4031242374328485,0.0,21.18962010041709,0.0,0.0,0.0,14.560219778561036,0.0,0.0,0.0,3.0,0.0,0.0,0.0,0.0,0.0,0.0,0.0,0.0,0.0,0.0,0.0,0.0,1.0,108.63240768757728,15.264337522473747,13.416407864998739,14.212670403551895,12.041594578792296,13.892443989449804,6.708203932499369,27.0,36.359317925395686,29.832867780352597,22.135943621178654,16.55294535724685,8.602325267042627,5.0990195135927845,0.0,0.0,0.0,0.0,0.0,0.0,0.0,0.0,0.0,0.0
241.0,0.0,0.0,32.01562118716424,47.4236228055175,54.70831746635972,20.808652046684813,23.323807579381203,16.15549442140351,14.560219778561036,11.045361017187261,15.652475842498529,12.649110640673518,0.0,6.4031242374328485,0.0,30.463092423455635,0.0,1.4142135623730951,0.0,0.0,0.0,0.0,0.0,0.0,0.0,0.0,0.0,0.0
242.0,0.0,1.0,0.0,0.0,1.0,0.0,1.0,0.0,1.0,0.0,2.23606797749979,200.4120754844877,0.0,0.0,0.0,0.0,0.0,0.0,0.0,0.0,0.0,0.0
243.0,0.0,4.47213595499958,7.615773105863909,0.0,15.033296378372908,0.0,8.06225774829855,0.0,16.76305461424021,0.0,3.605551275463989,4.0,11.40175425099138,0.0,7.615773105863909,0.0,1.4142135623730951,1.0,0.0,0.0,0.0,0.0,0.0,0.0,0.0,0.0,0.0,0.0
244.0,0.0,0.0,0.0,0.0,0.0,0.0,0.0,0.0,0.0,0.0,16.15549442140351,0.0,0.0,0.0,0.0,0.0,0.0,0.0,0.0,0.0,0.0,0.0
245.0,0.0,0.0,0.0,0.0,0.0,0.0,0.0,0.0,0.0,0.0,0.0
246.0,0.0,3.1622776601683795,0.0,1.0,2.8284271247461903,45.5411901469428,0.0,0.0,0.0,34.20526275297414,25.0,27.073972741361768,25.238858928247925,16.15549442140351,6.0,3.1622776601683795,8.602325267042627,20.09975124224178,4.47213595499958,6.324555320336759,4.123105625617661,0.0,0.0,0.0,0.0,0.0,0.0,20.248456731316587,1.0,0.0,5.0,6.0,0.0,0.0,3.605551275463989,0.0,0.0,1.4142135623730951,46.09772228646444,0.0,1.4142135623730951,0.0,0.0,0.0,0.0,0.0,0.0,0.0,0.0,0.0,1.0,0.0,0.0,0.0,0.0,1.4142135623730951,1.0,1.4142135623730951,0.0,1.0,0.0,2.0,2.23606797749979,3.0,3.1622776601683795,0.0,2.23606797749979,1.4142135623730951,3.0,1.0,1.0,2.0,1.0,1.4142135623730951,1.4142135623730951,2.0,1.4142135623730951,3.0,2.23606797749979,2.0,0.0,1.0,1.0,1.0,1.0,1.0,0.0,6.324555320336759,0.0,0.0,6.082762530298219,1.4142135623730951,4.123105625617661,0.0,0.0,0.0,0.0,0.0,0.0,0.0,4.0,0.0,1.4142135623730951,0.0,1.0,0.0,1.0,5.0,1.0,0.0,0.0,0.0,196.562967010574,197.69926656414282,1.4142135623730951,2.23606797749979,2.23606797749979,1.0,0.0,1.0,0.0,5.385164807134504,6.708203932499369,2.0,0.0,0.0,309.0954545120326,0.0,0.0,0.0,0.0,0.0,0.0,0.0,0.0,0.0,0.0,0.0,0.0
247.0,0.0,0.0,52.69724850502159,41.340053217188775,35.35533905932738,45.31004303683677,23.0,23.40939982143925,30.0,0.0,0.0,0.0,0.0,0.0,0.0,0.0,0.0,56.08029957123981,0.0,0.0,0.0,0.0,0.0,0.0,0.0,2.23606797749979,0.0,0.0,0.0,0.0,0.0,0.0,0.0,0.0,0.0,0.0
248.0,0.0,0.0,0.0,0.0,0.0,0.0,0.0,0.0,0.0,0.0,0.0
249.0,0.0,2.0,1.0,1.0,2.0,2.23606797749979,0.0,0.0,0.0,0.0,0.0,0.0,0.0,0.0,0.0,0.0
250.0,0.0,1.0,0.0,0.0,1.0,0.0,0.0,0.0,0.0,0.0,0.0,0.0,0.0,1.0,0.0,0.0,0.0,0.0,0.0,0.0,0.0,0.0,0.0,0.0,1.0,1.0,0.0,0.0,0.0,0.0,0.0,0.0,0.0,0.0,0.0,0.0
251.0,0.0,0.0,0.0,3.1622776601683795,0.0,0.0,0.0,1.4142135623730951,0.0,239.0083680543424,1.0,0.0,0.0,0.0,0.0,0.0,0.0,0.0,0.0,0.0,0.0,0.0,0.0
252.0,0.0,164.7573974060042,0.0,50.21951811795888,0.0,0.0,0.0,0.0,0.0,0.0,0.0,0.0,0.0,0.0
253.0,0.0,0.0,0.0,0.0,0.0,0.0,0.0,262.58903252040056,1.0,4.0,0.0,0.0,4.0,1.4142135623730951,2.0,2.0,0.0,0.0,195.2050204272421,1.0,0.0,0.0,0.0,3.1622776601683795,0.0,0.0,2.0,1.0,155.2063143045411,0.0,0.0,0.0,0.0,0.0,0.0,0.0,0.0,0.0,17.26267650163207,0.0,0.0,0.0,0.0,0.0,0.0,0.0,0.0,0.0,0.0,0.0
254.0,0.0,0.0,0.0,0.0,0.0,0.0,0.0,0.0,0.0,0.0,0.0
255.0,0.0,0.0,79.84985911070852,23.194827009486403,22.561028345356956,5.385164807134504,5.0,4.242640687119285,5.0,0.0,0.0,0.0,0.0,0.0,0.0,0.0,0.0,0.0,0.0
256.0,0.0,32.0,40.36087214122113,31.76476034853718,26.68332812825267,21.587033144922902,0.0,28.861739379323623,0.0,0.0,0.0,0.0,0.0,0.0,0.0,0.0,0.0,0.0
257.0,0.0,6.324555320336759,4.0,1.0,4.0,2.0,1.0,4.47213595499958,14.035668847618199,6.0,2.23606797749979,3.605551275463989,6.082762530298219,0.0,0.0,0.0,0.0,24.041630560342615,5.0990195135927845,68.0294054067798,5.0990195135927845,1.0,2.23606797749979,2.0,1.4142135623730951,31.016124838541646,1.0,32.01562118716424,1.4142135623730951,1.4142135623730951,1.0,0.0,4.123105625617661,1.4142135623730951,1.0,2.0,2.23606797749979,1.0,2.0,2.23606797749979,0.0,3.0,0.0,0.0,3.1622776601683795,0.0,0.0,0.0,0.0,0.0,1.0,0.0,1.0,1.4142135623730951,1.0,2.0,0.0,2.23606797749979,4.0,1.0,0.0,0.0,0.0,0.0,0.0,2.23606797749979,1.0,1.4142135623730951,1.0,0.0,2.0,1.0,0.0,1.0,0.0,1.4142135623730951,1.0,0.0,1.4142135623730951,1.0,4.47213595499958,0.0,0.0,0.0,0.0,13.416407864998739,0.0,36.235341863986875,40.44749683231337,0.0,0.0,0.0,0.0,0.0,0.0,0.0,0.0,109.12836478203089,0.0,80.05623023850174,26.92582403567252,36.235341863986875,28.635642126552707,26.019223662515376,17.72004514666935,6.0,0.0,0.0,0.0,0.0,0.0,0.0,0.0,0.0,0.0,0.0
258.0,0.0,23.194827009486403,13.152946437965905,4.0,11.40175425099138,13.0,0.0,0.0,0.0,0.0,0.0,0.0,0.0,0.0,0.0,0.0,41.86884283091664,0.0,67.00746227100382,39.395431207184416,57.9396237474839,68.4470598345904,80.22468448052632,0.0,0.0,0.0,0.0,0.0,0.0,0.0,0.0,0.0,0.0
259.0,0.0,0.0,0.0,0.0,5.0,0.0,1.0,0.0,0.0,0.0,0.0,0.0,0.0,0.0,0.0,2.23606797749979,0.0,0.0,0.0,0.0,6.708203932499369,0.0,0.0,2.23606797749979,5.830951894845301,2.0,0.0,0.0,0.0,14.142135623730951,1.0,7.0,1.0,0.0,3.1622776601683795,1.0,0.0,0.0,0.0,0.0,0.0,0.0,7.280109889280518,0.0,4.0,1.0,1.4142135623730951,4.123105625617661,1.0,3.605551275463989,2.0,2.23606797749979,0.0,3.605551275463989,0.0,0.0,3.1622776601683795,5.0990195135927845,1.0,17.11724276862369,10.0,4.0,0.0,0.0,0.0,0.0,0.0,0.0,0.0,0.0,0.0,0.0
260.0,0.0,1.0,0.0,0.0,2.0,1.0,103.01941564578979,0.0,103.01941564578979,1.0,0.0,0.0,2.0,0.0,0.0,0.0,2.0,0.0,0.0,0.0,0.0,0.0,0.0,0.0,0.0,0.0,0.0,166.5172663719892,0.0,0.0,0.0,0.0,0.0,0.0,0.0,0.0,0.0,0.0,0.0
261.0,0.0,0.0,0.0,0.0,0.0,0.0,0.0,14.035668847618199,0.0,0.0,0.0,0.0,0.0,0.0,0.0,0.0,0.0,0.0,0.0
262.0,0.0,0.0,72.83543093852057,73.97972695272672,0.0,0.0,0.0,0.0,0.0,0.0,0.0,0.0,0.0,0.0
263.0,0.0,0.0,0.0,0.0,0.0,0.0,0.0,0.0,0.0,0.0,0.0
264.0,0.0,0.0,0.0,0.0,0.0,0.0,0.0,0.0,0.0,0.0,0.0,0.0
265.0,0.0,1.0,98.0,0.0,0.0,0.0,0.0,0.0,0.0,0.0,0.0,0.0,0.0
266.0,0.0,1.0,0.0,67.47592163134935,2.8284271247461903,1.0,0.0,1.0,0.0,0.0,0.0,0.0,0.0,0.0,0.0,0.0,2.0,0.0,64.89992295835181,0.0,0.0,0.0,0.0,64.35060217278468,2.0,0.0,0.0,0.0,0.0,0.0,167.26326554267678,0.0,0.0,0.0,43.840620433565945,1.0,2.23606797749979,0.0,1.0,1.4142135623730951,1.0,0.0,0.0,0.0,0.0,0.0,1.4142135623730951,5.385164807134504,13.601470508735444,24.515301344262525,18.601075237738275,29.154759474226502,18.439088914585774,3.0,6.0,0.0,6.0,1.0,0.0,0.0,0.0,0.0,0.0,0.0,0.0,0.0,0.0,0.0
267.0,0.0,0.0,0.0,0.0,0.0,0.0,0.0,0.0,116.76472069936193,0.0,0.0,1.0,0.0,0.0,0.0,1.0,0.0,0.0,0.0,0.0,0.0,0.0,0.0,0.0,0.0,0.0,207.68485741623053,1.0,42.43819034784589,46.17358552246078,13.0,6.4031242374328485,3.0,6.082762530298219,1.0,3.0,6.0,5.656854249492381,19.209372712298546,9.433981132056603,14.212670403551895,27.784887978899608,28.861739379323623,33.52610922848042,42.01190307520001,34.0,32.01562118716424,0.0,0.0,0.0,0.0,0.0,42.2965719651132,0.0,0.0,0.0,0.0,1.4142135623730951,1.0,1.0,1.0,1.4142135623730951,1.0,1.0,0.0,1.0,1.4142135623730951,1.0,1.0,0.0,2.23606797749979,1.0,0.0,1.4142135623730951,0.0,1.4142135623730951,0.0,1.0,0.0,0.0,1.0,0.0,1.0,0.0,0.0,0.0,0.0,0.0,0.0,0.0,0.0,1.0,0.0,1.0,1.0,2.0,0.0,0.0,0.0,0.0,0.0,4.123105625617661,0.0,0.0,0.0,0.0,3.1622776601683795,1.0,0.0,0.0,0.0,171.0263137648707,0.0,0.0,0.0,0.0,0.0,0.0,0.0,0.0,0.0,0.0,0.0
268.0,0.0,0.0,0.0,0.0,0.0,0.0,0.0,0.0,0.0,0.0,0.0
269.0,0.0,0.0,0.0,0.0,0.0,0.0,0.0,0.0,0.0,0.0,0.0
270.0,0.0,2.0,62.39390995922599,0.0,61.66036003787198,1.4142135623730951,0.0,2.0,6.0,0.0,0.0,7.0,1.0,0.0,0.0,2.0,1.0,172.60938560808333,0.0,0.0,0.0,0.0,0.0,0.0,0.0,0.0,0.0,0.0,0.0
271.0,0.0,2.0,2.23606797749979,4.47213595499958,1.0,1.0,4.0,5.830951894845301,6.708203932499369,8.06225774829855,5.0,4.0,5.385164807134504,20.09975124224178,16.0312195418814,0.0,0.0,0.0,0.0,0.0,0.0,0.0,0.0,0.0,0.0
272.0,0.0,0.0,0.0,0.0,0.0,0.0,0.0,0.0,0.0,0.0,0.0,0.0
273.0,0.0,0.0,45.0111097397076,38.2099463490856,47.01063709417264,6.708203932499369,4.242640687119285,1.4142135623730951,15.264337522473747,25.612496949731394,0.0,45.803929962395145,21.02379604162864,22.80350850198276,24.0,2.0,4.123105625617661,1.0,1.4142135623730951,1.4142135623730951,2.23606797749979,3.1622776601683795,4.47213595499958,7.0710678118654755,3.1622776601683795,2.8284271247461903,0.0,0.0,0.0,0.0,0.0,0.0,0.0,0.0,0.0,0.0,0.0
274.0,0.0,0.0,0.0,9.219544457292887,7.615773105863909,0.0,0.0,1.0,1.0,0.0,0.0,0.0,0.0,2.0,1.0,1.0,1.4142135623730951,1.0,1.0,1.0,0.0,0.0,0.0,0.0,0.0,1.4142135623730951,2.23606797749979,0.0,2.8284271247461903,2.0,1.0,2.0,2.23606797749979,1.0,1.0,2.23606797749979,1.0,0.0,1.4142135623730951,1.4142135623730951,1.0,1.0,2.0,75.96051605933177,20.223748416156685,19.026297590440446,19.0,18.027756377319946,17.11724276862369,11.045361017187261,5.0990195135927845,5.830951894845301,0.0,0.0,0.0,0.0,0.0,0.0,0.0,0.0,0.0,0.0,0.0
275.0,0.0,4.0,0.0,0.0,0.0,0.0,0.0,0.0,0.0,0.0,0.0,0.0,0.0
276.0,0.0,0.0,0.0,0.0,0.0,0.0,0.0,0.0,0.0,0.0,0.0,0.0
277.0,0.0,0.0,49.01020301937138,0.0,0.0,0.0,103.39245620450265,1.0,68.76772498781678,3.0,4.0,0.0,0.0,68.01470429252781,67.35725647619564,0.0,66.84309986827361,1.4142135623730951,0.0,0.0,10.0,77.23341245859851,0.0,0.0,0.0,0.0,0.0,0.0,23.08679276123039,12.649110640673518,13.416407864998739,13.601470508735444,8.94427190999916,7.0710678118654755,7.615773105863909,0.0,0.0,0.0,0.0,0.0,0.0,0.0,0.0,0.0,0.0
278.0,0.0,0.0,0.0,0.0,0.0,0.0,0.0,0.0,0.0,0.0,0.0
279.0,0.0,0.0,0.0,0.0,0.0,0.0,0.0,50.08991914547278,0.0,0.0,0.0,0.0,0.0,0.0,0.0,0.0,0.0,65.43699259593154,0.0,0.0,6.0,4.0,0.0,3.0,6.0,0.0,0.0,0.0,0.0,0.0,0.0,0.0,146.24978632463024,0.0,0.0,0.0,52.20153254455275,30.463092423455635,24.413111231467404,32.64965543462902,20.0,34.539832078341085,19.697715603592208,25.0,0.0,0.0,15.524174696260024,29.0,0.0,0.0,0.0,0.0,0.0,0.0,0.0,0.0,0.0,0.0
280.0,0.0,0.0,0.0,0.0,0.0,0.0,0.0,0.0,0.0,0.0,0.0,0.0
281.0,0.0,29.068883707497267,0.0,48.33218389437829,18.027756377319946,18.0,10.770329614269007,10.44030650891055,16.1245154965971,20.024984394500787,24.515301344262525,0.0,52.3450093132096,21.0,17.029386365926403,14.035668847618199,11.180339887498949,0.0,0.0,0.0,0.0,0.0,0.0,0.0,0.0,0.0,0.0,0.0
282.0,0.0,0.0,0.0,0.0,0.0,0.0,0.0,0.0,0.0,70.3846574190711,0.0,45.48626166217664,40.311288741492746,46.87216658103186,18.601075237738275,19.4164878389476,18.027756377319946,20.024984394500787,21.37755832643195,17.72004514666935,0.0,0.0,0.0,109.77249200050075,0.0,0.0,60.40695324215582,1.0,0.0,0.0,0.0,9.0,0.0,0.0,0.0,0.0,10.04987562112089,2.0,1.0,0.0,2.0,0.0,0.0,1.0,29.0,7.0,0.0,17.0,24.0,0.0,29.017236257093817,23.08679276123039,17.0,0.0,0.0,0.0,1.0,0.0,0.0,0.0,0.0,20.248456731316587,0.0,0.0,0.0,0.0,0.0,0.0,0.0,49.76946855251722,0.0,0.0,0.0,0.0,0.0,3.0,0.0,0.0,0.0,0.0,0.0,0.0,0.0,0.0,0.0,0.0
283.0,0.0,4.123105625617661,0.0,4.47213595499958,4.47213595499958,1.4142135623730951,1.0,3.1622776601683795,7.0710678118654755,12.041594578792296,13.038404810405298,7.280109889280518,1.0,5.385164807134504,30.4138126514911,17.11724276862369,0.0,0.0,0.0,0.0,0.0,0.0,0.0,0.0,0.0,0.0,0.0
284.0,0.0,3.605551275463989,6.708203932499369,4.0,1.0,0.0,5.830951894845301,4.123105625617661,0.0,0.0,7.810249675906654,3.0,5.0,3.605551275463989,3.1622776601683795,0.0,5.0990195135927845,3.605551275463989,2.0,3.605551275463989,0.0,0.0,0.0,0.0,0.0,0.0,0.0,0.0,16.492422502470642,0.0,0.0,0.0,0.0,0.0,0.0,0.0,0.0,0.0,4.123105625617661,8.246211251235321,0.0,0.0,5.0,4.123105625617661,7.0710678118654755,13.341664064126334,24.186773244895647,10.816653826391969,1.4142135623730951,1.0,2.23606797749979,1.0,2.23606797749979,0.0,113.70136322841516,0.0,22.360679774997898,0.0,0.0,0.0,0.0,0.0,0.0,0.0,0.0,0.0,0.0
285.0,0.0,4.0,0.0,0.0,4.0,0.0,0.0,0.0,4.0,0.0,4.123105625617661,0.0,0.0,0.0,1.0,1.0,0.0,3.1622776601683795,3.1622776601683795,0.0,0.0,1.0,1.0,0.0,70.02856560004639,16.64331697709324,79.62411694957753,0.0,0.0,0.0,0.0,1.0,0.0,0.0,1.0,0.0,46.0,0.0,0.0,44.553338819890925,0.0,0.0,79.93122043357026,24.839484696748443,15.0,0.0,0.0,0.0,0.0,0.0,0.0,0.0,0.0,44.01136216933077,0.0,0.0,121.82364302548172,0.0,0.0,5.0990195135927845,0.0,0.0,2.23606797749979,6.4031242374328485,9.219544457292887,5.0,0.0,0.0,4.123105625617661,4.0,14.035668847618199,14.0,3.0,2.0,1.0,3.605551275463989,24.020824298928627,5.0990195135927845,5.0990195135927845,7.0,11.40175425099138,0.0,13.038404810405298,15.033296378372908,14.317821063276353,0.0,0.0,17.26267650163207,2.23606797749979,2.8284271247461903,2.23606797749979,5.0990195135927845,3.0,8.54400374531753,0.0,0.0,7.615773105863909,0.0,0.0,0.0,16.0312195418814,2.23606797749979,4.123105625617661,1.0,0.0,2.23606797749979,2.23606797749979,1.4142135623730951,3.1622776601683795,3.1622776601683795,1.0,1.4142135623730951,3.1622776601683795,0.0,0.0,0.0,0.0,0.0,0.0,0.0,3.1622776601683795,0.0,0.0,0.0,0.0,0.0,0.0,0.0,0.0,267.4714938082187,0.0,6.082762530298219,220.04772209682153,3.0,3.1622776601683795,4.0,3.605551275463989,4.47213595499958,0.0,5.0990195135927845,5.0,21.213203435596427,27.0,41.14608122288197,54.45181356024793,86.95401083331349,0.0,0.0,0.0,0.0,0.0,0.0,0.0,0.0,0.0,0.0
286.0,0.0,0.0,37.53664875824692,18.439088914585774,23.430749027719962,18.867962264113206,15.811388300841896,12.083045973594572,15.652475842498529,12.36931687685298,10.198039027185569,2.0,5.0,2.0,2.0,6.324555320336759,0.0,2.23606797749979,2.23606797749979,3.1622776601683795,3.1622776601683795,4.123105625617661,4.123105625617661,2.23606797749979,3.1622776601683795,3.1622776601683795,0.0,0.0,11.40175425099138,0.0,0.0,0.0,0.0,0.0,0.0,0.0,0.0,0.0,0.0,0.0,0.0
287.0,0.0,0.0,0.0,0.0,57.55866572463264,12.806248474865697,20.8806130178211,20.0,20.0,0.0,0.0,0.0,0.0,0.0,0.0,0.0,0.0,0.0,0.0
288.0,0.0,0.0,35.0,48.75448697299562,48.75448697299562,0.0,0.0,0.0,0.0,0.0,0.0,0.0,0.0,0.0,0.0
289.0,0.0,0.0,0.0,0.0,0.0,0.0,314.5695471592888,0.0,10.04987562112089,0.0,0.0,0.0,0.0,0.0,0.0,0.0,145.60219778561037,0.0,0.0,0.0,0.0,0.0,0.0,0.0,0.0,0.0,106.77546534667971,0.0,50.24937810560445,45.27692569068709,0.0,0.0,0.0,0.0,0.0,0.0,0.0,0.0,0.0,0.0,227.17834403833479,5.0,25.0,25.632011235952593,8.0,0.0,0.0,0.0,0.0,0.0,0.0,0.0,0.0,0.0,0.0
290.0,0.0,0.0,0.0,0.0,0.0,0.0,3.0,16.0312195418814,0.0,0.0,0.0,0.0,0.0,0.0,0.0,0.0,160.1624175641714,0.0,0.0,0.0,0.0,0.0,136.7040599250805,25.96150997149434,22.135943621178654,0.0,0.0,48.41487374764082,61.91122676865643,0.0,0.0,0.0,0.0,101.23734488813898,1.0,0.0,7.0710678118654755,47.0,46.010868281309364,0.0,0.0,0.0,91.93475947648963,1.0,0.0,0.0,0.0,0.0,0.0,0.0,0.0,0.0,0.0,0.0
291.0,0.0,0.0,0.0,0.0,75.92759709091287,0.0,0.0,0.0,0.0,0.0,0.0,0.0,176.72577627499618,0.0,56.00892785976178,30.0,26.476404589747453,26.832815729997478,28.861739379323623,4.0,49.8196748283246,20.0,0.0,0.0,0.0,0.0,128.75169901791588,0.0,27.51363298439521,5.0990195135927845,1.0,11.045361017187261,6.0,6.082762530298219,1.4142135623730951,8.0,3.1622776601683795,1.4142135623730951,7.0710678118654755,6.4031242374328485,0.0,0.0,0.0,0.0,0.0,0.0,0.0,0.0,0.0,0.0
292.0,0.0,0.0,51.088159097779204,33.83784863137726,21.18962010041709,9.0,0.0,0.0,0.0,0.0,0.0,0.0,0.0,0.0,26.92582403567252,2.23606797749979,2.8284271247461903,2.23606797749979,1.0,1.0,0.0,0.0,1.0,81.09870529176159,22.0,12.0,13.341664064126334,0.0,0.0,0.0,0.0,0.0,2.23606797749979,5.830951894845301,4.47213595499958,4.0,2.23606797749979,4.47213595499958,0.0,0.0,0.0,0.0,0.0,0.0,0.0,0.0,0.0,0.0
293.0,0.0,0.0,43.382023926967726,36.235341863986875,50.0,15.811388300841896,12.806248474865697,14.142135623730951,0.0,0.0,0.0,0.0,0.0,0.0,0.0,0.0,0.0,0.0
294.0,0.0,0.0,0.0,0.0,0.0,0.0,0.0,0.0,0.0,0.0,0.0,0.0
295.0,0.0,0.0,105.72133181151285,0.0,0.0,0.0,0.0,0.0,0.0,0.0,0.0,0.0,0.0
296.0,0.0,0.0,57.982756057296896,0.0,22.02271554554524,5.0,0.0,2.0,3.605551275463989,3.1622776601683795,0.0,0.0,0.0,0.0,0.0,0.0,0.0,7.0710678118654755,2.23606797749979,0.0,0.0,4.47213595499958,3.1622776601683795,0.0,0.0,0.0,0.0,0.0,0.0,0.0,0.0,0.0,0.0
297.0,0.0,7.0,10.04987562112089,14.0,0.0,0.0,0.0,0.0,0.0,0.0,0.0,0.0,0.0,0.0
298.0,0.0,0.0,0.0,17.26267650163207,0.0,35.05709628591621,36.138621999185304,54.120236510939236,67.1863081289633,88.88756943465155,0.0,0.0,0.0,0.0,0.0,0.0,0.0,0.0,0.0,0.0
299.0,0.0,0.0,69.35416353759881,0.0,0.0,0.0,1.0,0.0,0.0,20.0,0.0,0.0,0.0,56.356011214421486,1.0,4.123105625617661,0.0,4.0,0.0,0.0,5.0990195135927845,5.0990195135927845,1.0,3.1622776601683795,0.0,2.0,0.0,0.0,2.23606797749979,0.0,0.0,2.23606797749979,0.0,0.0,5.0990195135927845,0.0,0.0,0.0,0.0,0.0,0.0,0.0,0.0,0.0,1.0,0.0,0.0,0.0,0.0,0.0,0.0,0.0,0.0,0.0,0.0,0.0,0.0,0.0,0.0
300.0,0.0,0.0,0.0,0.0,0.0,59.481089431852205,0.0,0.0,0.0,55.65968020030299,0.0,0.0,17.029386365926403,18.027756377319946,31.016124838541646,0.0,0.0,0.0,0.0,0.0,1.0,0.0,0.0,0.0,0.0,0.0,0.0,0.0,0.0,0.0,0.0
301.0,0.0,61.204574992397426,0.0,0.0,1.4142135623730951,2.23606797749979,1.0,0.0,2.0,0.0,0.0,6.082762530298219,6.0,0.0,1.0,1.4142135623730951,0.0,1.0,1.0,0.0,0.0,29.0,20.024984394500787,0.0,0.0,0.0,0.0,0.0,7.0,0.0,5.0,0.0,5.0,0.0,28.0,0.0,28.0,0.0,0.0,0.0,0.0,0.0,0.0,2.0,2.23606797749979,0.0,0.0,1.0,1.4142135623730951,0.0,0.0,2.23606797749979,1.0,0.0,171.9447585708852,52.61178575186362,21.18962010041709,0.0,58.52349955359813,135.9154148726332,3.0,4.123105625617661,0.0,1.0,3.1622776601683795,0.0,5.0990195135927845,5.0990195135927845,2.23606797749979,0.0,3.1622776601683795,3.1622776601683795,2.23606797749979,0.0,0.0,4.123105625617661,3.0,0.0,0.0,2.0,1.0,0.0,0.0,4.0,1.4142135623730951,0.0,0.0,0.0,0.0,1.4142135623730951,38.948684188300895,0.0,13.601470508735444,0.0,53.53503525729669,0.0,0.0,0.0,0.0,0.0,0.0,0.0,0.0,0.0,0.0,71.449282711585,71.50524456289902,1.4142135623730951,0.0,7.0710678118654755,0.0,0.0,0.0,0.0,0.0,2.23606797749979,0.0,0.0,2.0,259.38774065094134,0.0,4.123105625617661,4.242640687119285,0.0,0.0,0.0,0.0,0.0,0.0,0.0,0.0,0.0,0.0
302.0,0.0,0.0,50.28916384272063,0.0,0.0,0.0,0.0,0.0,0.0,0.0,0.0,0.0,0.0
303.0,0.0,12.041594578792296,15.297058540778355,21.0,15.0,22.090722034374522,48.76474136094644,0.0,0.0,0.0,0.0,0.0,0.0,0.0,0.0,0.0,0.0
304.0,0.0,0.0,0.0,0.0,0.0,0.0,0.0,0.0,0.0,0.0,0.0
305.0,0.0,0.0,0.0,1.0,3.0,0.0,0.0,5.0990195135927845,5.0990195135927845,0.0,122.67436570041843,0.0,0.0,0.0,0.0,0.0,0.0,0.0,0.0,0.0,0.0,0.0
306.0,0.0,0.0,0.0,0.0,0.0,0.0,0.0,0.0,0.0,0.0,0.0,58.309518948453004,0.0,0.0,0.0,0.0,0.0,0.0,0.0,0.0,0.0,0.0,0.0
307.0,0.0,29.410882339705484,0.0,87.46427842267951,0.0,0.0,0.0,0.0,0.0,0.0,0.0,0.0,0.0,0.0
308.0,0.0,0.0,0.0,0.0,0.0,0.0,0.0,0.0,0.0,0.0,0.0
309.0,0.0,0.0,0.0,1.0,1.0,0.0,0.0,1.4142135623730951,0.0,0.0,0.0,1.4142135623730951,0.0,0.0,0.0,70.11419257183242,0.0,1.0,0.0,0.0,43.18564576337837,1.0,0.0,0.0,0.0,0.0,0.0,0.0,0.0,0.0,0.0,0.0
310.0,0.0,0.0,0.0,0.0,0.0,0.0,0.0,102.17631819555841,4.123105625617661,0.0,0.0,0.0,0.0,0.0,70.00714249274856,0.0,74.09453421137081,0.0,0.0,0.0,0.0,0.0,0.0,0.0,95.80187889597991,18.0,12.206555615733702,12.36931687685298,13.0,0.0,11.661903789690601,0.0,0.0,0.0,0.0,0.0,0.0,0.0,0.0,0.0,0.0
311.0,0.0,376.61917104682817,0.0,0.0,0.0,0.0,0.0,0.0,0.0,0.0,0.0,0.0,0.0
312.0,0.0,197.4259354796122,0.0,0.0,0.0,0.0,0.0,0.0,0.0,0.0,0.0,0.0,0.0
313.0,0.0,0.0,281.27744310555727,0.0,64.19501538281614,101.49384217774002,0.0,0.0,0.0,0.0,0.0,0.0,0.0,0.0,0.0,0.0,211.83484132691675,4.242640687119285,0.0,0.0,0.0,0.0,0.0,0.0,18.681541692269406,0.0,0.0,0.0,0.0,0.0,0.0,0.0,0.0,0.0,0.0
314.0,0.0,0.0,0.0,181.59570479501986,0.0,65.60487786742691,0.0,0.0,0.0,0.0,0.0,0.0,0.0,0.0,0.0,80.06247560499239,7.0,4.0,0.0,0.0,1.0,0.0,0.0,1.4142135623730951,4.47213595499958,0.0,0.0,3.1622776601683795,0.0,0.0,1.0,0.0,0.0,0.0,0.0,1.0,1.0,0.0,0.0,4.0,6.0,0.0,3.0,3.0,0.0,0.0,0.0,6.0,2.0,0.0,2.0,4.0,0.0,0.0,1.0,2.0,0.0,0.0,0.0,0.0,0.0,0.0,0.0,0.0,0.0,0.0
315.0,0.0,0.0,183.50476833041697,0.0,0.0,0.0,0.0,0.0,0.0,0.0,0.0,0.0,0.0,0.0
316.0,0.0,1.0,0.0,0.0,0.0,0.0,0.0,0.0,0.0,0.0,0.0,0.0
317.0,0.0,0.0,0.0,0.0,0.0,0.0,0.0,0.0,0.0,0.0,0.0
318.0,0.0,1.4142135623730951,0.0,0.0,0.0,0.0,0.0,0.0,2.0,0.0,0.0,2.23606797749979,0.0,0.0,0.0,1.4142135623730951,0.0,0.0,0.0,0.0,0.0,0.0,1.0,0.0,0.0,0.0,0.0,0.0,0.0,0.0,0.0,0.0,0.0
319.0,0.0,0.0,0.0,0.0,0.0,0.0,0.0,0.0,0.0,0.0,0.0
320.0,0.0,0.0,0.0,0.0,0.0,198.21705274773913,0.0,0.0,0.0,0.0,0.0,0.0,0.0,0.0,0.0,0.0,0.0
321.0,0.0,0.0,0.0,0.0,0.0,0.0,0.0,0.0,0.0,0.0,0.0,0.0,217.78888860545663,0.0,0.0,0.0,0.0,0.0,0.0,0.0,0.0,0.0,0.0
322.0,0.0,0.0,0.0,0.0,0.0,0.0,0.0,0.0,0.0,0.0,0.0,0.0
323.0,0.0,2.0,8.0,39.05124837953327,44.28317965096906,148.60686390607938,0.0,0.0,0.0,0.0,0.0,91.02197536858887,0.0,0.0,0.0,0.0,0.0,0.0,0.0,0.0,0.0,0.0
324.0,0.0,0.0,34.20526275297414,43.01162633521314,59.135437767890075,81.09870529176159,99.98499887483122,0.0,0.0,0.0,0.0,0.0,0.0,0.0,0.0,0.0,0.0
325.0,0.0,0.0,0.0,0.0,0.0,0.0,0.0,0.0,0.0,0.0,0.0,0.0,0.0,32.01562118716424,0.0,0.0,0.0,0.0,0.0,0.0,0.0,0.0,0.0,0.0,0.0,0.0
326.0,0.0,0.0,0.0,53.03772242470448,0.0,0.0,103.4456378974,0.0,0.0,0.0,0.0,0.0,0.0,0.0,176.70880000724355,29.0,26.92582403567252,21.95449840010015,24.08318915758459,15.264337522473747,0.0,0.0,0.0,0.0,0.0,0.0,0.0,0.0,0.0,0.0,0.0
327.0,0.0,28.284271247461902,41.773197148410844,7.0,0.0,0.0,0.0,0.0,0.0,0.0,0.0,0.0,0.0,0.0,115.10864433221339,0.0,0.0,198.31288409984865,11.661903789690601,11.661903789690601,13.0,15.524174696260024,0.0,0.0,23.021728866442675,10.770329614269007,12.529964086141668,16.401219466856727,22.20360331117452,17.46424919657298,4.0,0.0,0.0,0.0,0.0,0.0,0.0,0.0,0.0,0.0,0.0
328.0,0.0,0.0,36.05551275463989,32.55764119219941,0.0,0.0,0.0,0.0,0.0,0.0,0.0,0.0,0.0,0.0
329.0,0.0,15.0,8.0,0.0,0.0,0.0,0.0,0.0,0.0,0.0,0.0,0.0,0.0
330.0,0.0,19.0,24.596747752497688,9.899494936611665,7.0,6.082762530298219,2.23606797749979,0.0,3.605551275463989,2.23606797749979,5.385164807134504,0.0,0.0,0.0,0.0,165.8463143998081,0.0,3.0,3.0,0.0,18.384776310850235,16.401219466856727,14.7648230602334,19.026297590440446,12.529964086141668,18.027756377319946,18.439088914585774,3.1622776601683795,0.0,0.0,0.0,0.0,34.713109915419565,0.0,68.0,0.0,0.0,0.0,0.0,0.0,0.0,0.0,0.0,0.0,0.0
331.0,0.0,22.561028345356956,1.0,1.0,2.0,0.0,3.1622776601683795,0.0,4.123105625617661,0.0,4.0,1.4142135623730951,2.23606797749979,4.0,2.23606797749979,1.0,0.0,0.0,19.235384061671343,1.0,48.76474136094644,3.605551275463989,0.0,3.605551275463989,4.47213595499958,0.0,0.0,42.20189569201838,0.0,0.0,0.0,5.0990195135927845,1.0,36.22154055254967,0.0,0.0,8.246211251235321,13.0,11.0,0.0,0.0,0.0,0.0,0.0,0.0,0.0,0.0,0.0,0.0,0.0
332.0,0.0,0.0,58.18934610390462,72.94518489934754,0.0,65.80273550544841,0.0,0.0,0.0,0.0,0.0,0.0,0.0,0.0,0.0,0.0
333.0,0.0,0.0,0.0,0.0,0.0,0.0,0.0,0.0,0.0,0.0,237.15395843207003,1.0,1.0,0.0,0.0,0.0,0.0,0.0,0.0,0.0,0.0,0.0,0.0
334.0,0.0,0.0,0.0,0.0,0.0,0.0,0.0,0.0,0.0,0.0,0.0,0.0
335.0,0.0,0.0,0.0,0.0,0.0,0.0,0.0,0.0,0.0,0.0,0.0,0.0
336.0,0.0,0.0,0.0,0.0,0.0,0.0,0.0,0.0,0.0,0.0,0.0,0.0
337.0,0.0,0.0,0.0,146.98639392814562,0.0,0.0,0.0,0.0,0.0,0.0,0.0,0.0,0.0,0.0
338.0,0.0,0.0,0.0,0.0,82.85529554590944,0.0,0.0,0.0,0.0,0.0,0.0,0.0,0.0,0.0,0.0,0.0,0.0,0.0,67.446274915669,0.0,47.80167361086848,16.1245154965971,0.0,4.123105625617661,0.0,11.0,0.0,9.219544457292887,7.0,1.4142135623730951,1.4142135623730951,5.385164807134504,1.4142135623730951,2.0,1.0,3.1622776601683795,0.0,2.23606797749979,2.23606797749979,1.0,1.0,1.0,1.0,0.0,2.0,1.0,3.1622776601683795,1.0,1.0,0.0,1.4142135623730951,1.4142135623730951,3.605551275463989,3.1622776601683795,2.23606797749979,6.0,2.8284271247461903,3.1622776601683795,4.123105625617661,1.0,0.0,6.082762530298219,2.23606797749979,0.0,120.48651376813922,0.0,0.0,61.39218191268331,0.0,97.98979538707079,0.0,0.0,0.0,0.0,0.0,0.0,0.0,0.0,0.0,0.0,0.0
339.0,0.0,0.0,0.0,0.0,0.0,0.0,0.0,0.0,0.0,0.0,0.0,0.0,0.0,0.0,0.0,0.0
340.0,0.0,0.0,0.0,0.0,10.04987562112089,0.0,0.0,5.0,0.0,1.0,0.0,0.0,0.0,0.0,1.4142135623730951,0.0,6.082762530298219,0.0,1.0,1.4142135623730951,1.0,1.4142135623730951,0.0,1.4142135623730951,0.0,2.23606797749979,0.0,0.0,0.0,0.0,0.0,0.0,0.0,0.0,0.0,16.0,20.615528128088304,13.92838827718412,12.041594578792296,6.0,14.422205101855956,14.317821063276353,12.165525060596439,0.0,0.0,22.02271554554524,0.0,0.0,0.0,0.0,0.0,0.0,0.0,0.0,0.0,0.0
341.0,0.0,0.0,0.0,0.0,1.0,0.0,0.0,0.0,0.0,0.0,0.0,0.0,0.0,0.0,0.0,0.0
342.0,0.0,0.0,0.0,1.0,0.0,0.0,0.0,0.0,0.0,0.0,0.0,0.0,115.31695452100702,0.0,0.0,106.7941945987702,57.201398584300364,56.88585061331157,0.0,1.0,0.0,60.90155991434045,0.0,1.0,0.0,0.0,0.0,0.0,0.0,14.560219778561036,17.0,0.0,0.0,0.0,0.0,0.0,0.0,0.0,0.0,0.0,0.0
343.0,0.0,0.0,1.4142135623730951,0.0,0.0,0.0,0.0,0.0,0.0,1.0,0.0,2.0,1.0,0.0,0.0,0.0,0.0,0.0,2.23606797749979,0.0,0.0,2.23606797749979,85.84287972802403,0.0,0.0,79.05694150420949,0.0,0.0,3.1622776601683795,0.0,0.0,3.0,3.0,0.0,0.0,0.0,0.0,0.0,0.0,0.0,5.0,0.0,0.0,94.59386872308374,0.0,65.30696746902278,57.0087712549569,53.45091205957107,0.0,0.0,0.0,0.0,0.0,0.0,0.0,0.0,0.0,0.0,0.0
344.0,0.0,0.0,20.615528128088304,0.0,0.0,0.0,0.0,110.75197515168747,0.0,0.0,0.0,0.0,0.0,0.0,0.0,0.0,0.0,0.0,0.0,0.0,199.27117202445515,0.0,44.384682042344295,41.0,0.0,0.0,0.0,0.0,0.0,0.0,0.0,0.0,0.0,0.0
345.0,0.0,0.0,0.0,0.0,0.0,0.0,0.0,0.0,0.0,0.0,0.0,0.0,0.0
346.0,0.0,0.0,2.0,0.0,46.09772228646444,0.0,0.0,11.40175425099138,0.0,0.0,0.0,0.0,0.0,0.0,0.0,0.0,0.0,0.0
347.0,0.0,5.0,1.4142135623730951,0.0,0.0,1.0,0.0,0.0,1.0,1.0,0.0,0.0,0.0,0.0,0.0,0.0,0.0,0.0,0.0,5.0990195135927845,0.0,48.25971404805462,0.0,0.0,0.0,48.0,0.0,0.0,0.0,0.0,0.0,68.76772498781678,65.60487786742691,1.0,0.0,2.0,3.0,0.0,0.0,0.0,3.0,0.0,0.0,0.0,6.0,2.0,7.211102550927978,6.0,0.0,0.0,0.0,4.0,4.0,0.0,0.0,0.0,0.0,0.0,0.0,0.0,0.0,0.0,0.0,0.0,3.0,1.0,0.0,0.0,0.0,2.0,1.0,0.0,2.0,2.0,0.0,0.0,3.0,2.0,0.0,0.0,0.0,0.0,0.0,0.0,2.0,0.0,0.0,0.0,0.0,1.0,0.0,0.0,0.0,0.0,1.0,134.9518432626987,0.0,61.032778078668514,77.3692445355388,0.0,3.0,2.0,0.0,0.0,0.0,0.0,1.4142135623730951,0.0,0.0,3.1622776601683795,5.0,0.0,3.0,0.0,0.0,0.0,0.0,2.23606797749979,0.0,0.0,0.0,1.0,0.0,0.0,4.123105625617661,0.0,0.0,0.0,0.0,0.0,0.0,0.0,0.0,0.0,71.7007670809734,0.0,66.52818951391959,5.0990195135927845,0.0,0.0,0.0,0.0,0.0,0.0,0.0,0.0,0.0,0.0
348.0,0.0,0.0,56.22277118748239,25.709920264364882,18.35755975068582,10.0,14.142135623730951,0.0,0.0,0.0,0.0,0.0,0.0,0.0,0.0,0.0,0.0
349.0,0.0,0.0,70.71067811865476,0.0,0.0,0.0,0.0,0.0,112.16059914247963,0.0,0.0,0.0,0.0,0.0,0.0,0.0,0.0,0.0,0.0
350.0,0.0,0.0,67.1863081289633,45.89117562233506,0.0,0.0,0.0,0.0,0.0,0.0,0.0,0.0,0.0,0.0
351.0,0.0,0.0,0.0,0.0,0.0,0.0,0.0,0.0,0.0,0.0,0.0
352.0,0.0,0.0,0.0,0.0,0.0,0.0,115.6027681329474,0.0,24.758836806279895,2.0,0.0,0.0,0.0,0.0,0.0,0.0,0.0,0.0,0.0,0.0
353.0,0.0,1.0,0.0,96.89685237405806,30.265491900843113,10.44030650891055,7.0,14.317821063276353,0.0,0.0,0.0,0.0,0.0,0.0,0.0,0.0,0.0,0.0,0.0
354.0,0.0,0.0,0.0,0.0,0.0,0.0,0.0,0.0,0.0,0.0,0.0,0.0
355.0,0.0,0.0,0.0,0.0,70.45565981523414,0.0,0.0,0.0,0.0,0.0,0.0,0.0,98.37174391053561,8.0,3.0,37.48332962798263,0.0,43.73785545725808,51.92301994298868,0.0,0.0,0.0,0.0,0.0,0.0,0.0,48.104053883222775,0.0,0.0,44.598206241955516,49.73932046178355,41.182520563948,39.84971769034255,6.0,84.77027781009096,0.0,47.01063709417264,0.0,0.0,0.0,0.0,0.0,0.0,0.0,0.0,77.07788269017254,4.242640687119285,55.31726674375732,53.2634959423431,71.19691004531025,28.284271247461902,51.0,0.0,14.560219778561036,7.0,9.055385138137417,7.0,1.0,0.0,0.0,0.0,0.0,0.0,0.0,0.0,0.0,0.0,0.0
356.0,0.0,2.0,0.0,0.0,5.0,0.0,0.0,0.0,17.0,23.0,0.0,2.0,0.0,0.0,0.0,0.0,119.01260437449471,0.0,49.36598018878993,43.41658669218482,2.0,5.385164807134504,8.602325267042627,0.0,0.0,0.0,0.0,0.0,0.0,131.06105447462264,13.0,16.1245154965971,0.0,0.0,0.0,0.0,0.0,0.0,0.0,0.0,0.0,0.0
357.0,0.0,0.0,37.12142238654117,0.0,0.0,0.0,0.0,0.0,0.0,0.0,0.0,0.0,0.0
358.0,0.0,0.0,0.0,0.0,92.72000862812729,0.0,30.4138126514911,5.385164807134504,5.0,11.0,6.0,0.0,0.0,0.0,109.41663493271945,0.0,29.410882339705484,34.713109915419565,26.1725046566048,4.0,0.0,0.0,0.0,0.0,21.213203435596427,0.0,0.0,0.0,0.0,0.0,0.0,0.0,0.0,0.0,0.0,0.0
359.0,0.0,28.460498941515414,0.0,36.24913792078372,0.0,0.0,0.0,0.0,0.0,0.0,82.21921916437786,1.0,31.016124838541646,0.0,0.0,0.0,0.0,0.0,0.0,128.08200498118384,0.0,0.0,0.0,27.892651361962706,0.0,0.0,0.0,0.0,0.0,0.0,0.0,0.0,0.0,0.0,0.0
360.0,0.0,0.0,63.0317380372777,12.0,0.0,0.0,0.0,0.0,0.0,0.0,133.63382805263043,0.0,0.0,0.0,0.0,0.0,0.0,0.0,0.0,0.0,137.59360450253493,0.0,35.73513677041127,6.0,7.280109889280518,10.44030650891055,16.278820596099706,0.0,19.026297590440446,13.038404810405298,11.40175425099138,13.601470508735444,9.0,36.05551275463989,0.0,0.0,0.0,132.61221663180206,0.0,0.0,0.0,0.0,0.0,0.0,1.0,0.0,83.81527307120105,0.0,90.33825324855468,20.248456731316587,9.899494936611665,0.0,27.784887978899608,14.0,6.0,0.0,0.0,0.0,0.0,0.0,0.0,0.0,0.0,0.0,0.0
361.0,0.0,0.0,0.0,0.0,0.0,0.0,0.0,0.0,0.0,0.0,0.0,221.73181999884454,0.0,77.10382610480494,131.0953851209111,0.0,0.0,0.0,0.0,0.0,0.0,82.68010643437755,0.0,99.45853407325085,0.0,0.0,0.0,0.0,0.0,0.0,0.0,0.0,0.0,0.0,0.0
362.0,0.0,4.0,5.385164807134504,9.848857801796104,1.0,1.0,3.605551275463989,0.0,13.152946437965905,23.430749027719962,20.0,0.0,0.0,0.0,0.0,0.0,0.0,0.0,0.0,0.0,0.0
363.0,0.0,14.0,0.0,0.0,0.0,0.0,0.0,0.0,0.0,0.0,0.0,0.0
364.0,0.0,1.0,0.0,0.0,0.0,0.0,0.0,178.21896644296868,0.0,0.0,0.0,0.0,0.0,0.0,0.0,3.1622776601683795,0.0,0.0,1.0,0.0,0.0,0.0,0.0,0.0,0.0,0.0,0.0,0.0,0.0
365.0,0.0,1.0,6.4031242374328485,25.0,22.67156809750927,14.560219778561036,11.313708498984761,0.0,18.027756377319946,15.264337522473747,6.4031242374328485,0.0,0.0,0.0,0.0,0.0,0.0,0.0,0.0,0.0,0.0
366.0,0.0,26.40075756488817,23.0,24.020824298928627,0.0,54.08326913195984,13.038404810405298,0.0,13.92838827718412,18.439088914585774,21.93171219946131,17.08800749063506,11.40175425099138,3.0,0.0,0.0,0.0,0.0,0.0,0.0,0.0,0.0,0.0,0.0
367.0,0.0,9.848857801796104,16.0,0.0,0.0,0.0,0.0,0.0,0.0,0.0,0.0,0.0,0.0,0.0
368.0,0.0,4.0,0.0,0.0,0.0,0.0,0.0,10.816653826391969,15.297058540778355,23.53720459187964,20.248456731316587,15.620499351813308,12.806248474865697,0.0,9.219544457292887,0.0,21.213203435596427,12.041594578792296,0.0,0.0,0.0,0.0,0.0,0.0,0.0,0.0,0.0,0.0
369.0,0.0,0.0,0.0,0.0,0.0,0.0,0.0,15.264337522473747,17.0,15.0,12.36931687685298,8.602325267042627,0.0,9.055385138137417,0.0,0.0,0.0,0.0,0.0,0.0,0.0,0.0,0.0,0.0
370.0,0.0,0.0,0.0,0.0,0.0,0.0,0.0,0.0,0.0,0.0,0.0
371.0,0.0,0.0,0.0,5.385164807134504,8.94427190999916,10.770329614269007,0.0,0.0,0.0,0.0,0.0,0.0,0.0,0.0,0.0,0.0,26.570660511172846,2.0,28.861739379323623,40.792156108742276,38.07886552931954,0.0,0.0,0.0,0.0,0.0,0.0,0.0,57.3149195236284,5.830951894845301,10.04987562112089,12.083045973594572,0.0,25.96150997149434,0.0,0.0,0.0,0.0,0.0,0.0,0.0,0.0,0.0,107.48953437428223,0.0,0.0,0.0,0.0,0.0,0.0,0.0,61.07372593840988,16.55294535724685,8.602325267042627,7.0,7.0,7.0710678118654755,7.0710678118654755,6.324555320336759,4.123105625617661,3.0,0.0,0.0,0.0,0.0,0.0,0.0,0.0,0.0,0.0,0.0,39.21734310225516,0.0,0.0,0.0,0.0,0.0,0.0,0.0,0.0,0.0,0.0,0.0
372.0,0.0,0.0,0.0,14.866068747318506,17.08800749063506,18.867962264113206,0.0,0.0,0.0,0.0,0.0,0.0,58.25804665451803,0.0,0.0,39.84971769034255,33.52610922848042,22.561028345356956,31.0,30.0,34.539832078341085,27.0,19.209372712298546,20.024984394500787,25.942243542145693,14.866068747318506,0.0,24.186773244895647,0.0,0.0,0.0,0.0,0.0,0.0,0.0,0.0,0.0,0.0,0.0,0.0
373.0,0.0,0.0,31.827660925679098,60.30754513325841,26.1725046566048,0.0,0.0,0.0,0.0,0.0,0.0,0.0,0.0,0.0,0.0,0.0,98.35141076771599,1.0,25.317977802344327,50.15974481593781,20.615528128088304,34.17601498127012,0.0,3.1622776601683795,6.0,26.0,22.0,0.0,40.311288741492746,3.0,0.0,4.123105625617661,19.4164878389476,0.0,0.0,40.8166632639171,11.704699910719626,0.0,0.0,0.0,0.0,7.280109889280518,14.0,8.246211251235321,10.04987562112089,5.0,0.0,6.4031242374328485,11.180339887498949,13.0,3.0,36.013886210738214,19.924858845171276,17.0,11.180339887498949,5.0,11.180339887498949,0.0,0.0,84.17244204607586,0.0,0.0,0.0,0.0,0.0,0.0,0.0,326.01380338875225,0.0,26.019223662515376,9.219544457292887,0.0,0.0,0.0,0.0,0.0,0.0,0.0,0.0,0.0,0.0,0.0
374.0,0.0,0.0,22.135943621178654,28.160255680657446,39.81205847478876,0.0,42.95346318982906,42.190046219457976,0.0,20.0,0.0,65.03076195155643,0.0,0.0,0.0,0.0,0.0,0.0,0.0,0.0,0.0,0.0
375.0,0.0,24.698178070456937,26.476404589747453,0.0,0.0,0.0,0.0,0.0,0.0,92.91393867445294,1.0,0.0,0.0,0.0,0.0,0.0,0.0,0.0,0.0,0.0,0.0,0.0
376.0,0.0,0.0,0.0,0.0,0.0,0.0,0.0,0.0,0.0,0.0,0.0
377.0,0.0,2.23606797749979,54.45181356024793,30.675723300355934,19.4164878389476,7.0710678118654755,0.0,20.248456731316587,6.324555320336759,16.76305461424021,0.0,0.0,0.0,0.0,0.0,0.0,0.0,0.0,0.0,0.0,0.0
378.0,0.0,36.013886210738214,29.017236257093817,15.0,39.92492955535426,78.89233169326408,0.0,0.0,0.0,107.56393447619885,14.212670403551895,7.810249675906654,8.0,11.40175425099138,10.295630140987,8.54400374531753,0.0,0.0,0.0,0.0,0.0,0.0,0.0,0.0,0.0,0.0,0.0
379.0,0.0,0.0,0.0,29.068883707497267,10.198039027185569,5.0,11.40175425099138,9.433981132056603,7.615773105863909,9.0,7.211102550927978,13.0,8.0,11.40175425099138,0.0,7.280109889280518,6.324555320336759,44.384682042344295,20.09975124224178,0.0,0.0,0.0,0.0,0.0,58.249463516842795,0.0,0.0,0.0,0.0,0.0,0.0,0.0,0.0,0.0,248.0020161208372,0.0,0.0,0.0,0.0,0.0,0.0,0.0,0.0,0.0,0.0,0.0,0.0
380.0,0.0,17.0,0.0,3.1622776601683795,25.179356624028344,0.0,0.0,0.0,0.0,0.0,0.0,0.0,66.70832032063167,0.0,0.0,0.0,0.0,0.0,0.0,0.0,0.0,0.0,0.0,0.0,0.0
381.0,0.0,0.0,0.0,86.83317338436964,31.016124838541646,44.0,19.4164878389476,17.204650534085253,19.209372712298546,19.4164878389476,30.805843601498726,34.0147027033899,27.80287754891569,28.635642126552707,0.0,0.0,0.0,127.90621564255585,0.0,0.0,0.0,0.0,0.0,0.0,0.0,0.0,0.0,0.0
382.0,0.0,14.0,0.0,68.81860213634101,29.0,0.0,0.0,0.0,0.0,0.0,0.0,0.0,0.0,74.24284477308234,0.0,27.80287754891569,37.013511046643494,43.829214001622255,0.0,0.0,0.0,0.0,0.0,0.0,0.0,0.0,0.0,0.0
383.0,0.0,17.46424919657298,0.0,0.0,0.0,0.0,0.0,0.0,0.0,0.0,0.0,0.0
384.0,0.0,1.0,0.0,0.0,0.0,0.0,0.0,0.0,0.0,0.0,0.0,0.0
385.0,0.0,0.0,0.0,0.0,0.0,0.0,0.0,0.0,0.0,0.0,0.0,0.0
